datetime,open,high,low,close,volume,candle_color,points
2025-05-05 03:45:00,24419.5,24477.900390625,24400.650390625,24443.15,0.0,GREEN,23.650000000001455
2025-05-05 04:00:00,24442.25,24452.45,24403.1,24449.15,0.0,GREEN,6.900000000001455
2025-05-05 04:15:00,24449.8,24505.599609375,24439.4,24503.65,0.0,GREEN,53.85000000000218
2025-05-05 04:30:00,24504.2,24511.30078125,24464.0,24479.1,0.0,RED,25.100000000002183
2025-05-05 04:45:00,24479.8,24500.25,24468.3,24479.55,0.0,RED,0.25
2025-05-05 05:00:00,24480.2,24526.400390625,24480.2,24522.65,0.0,GREEN,42.45000000000073
2025-05-05 05:15:00,24521.6,24523.55,24460.45,24471.1,0.0,RED,50.5
2025-05-05 05:30:00,24472.0,24488.8,24459.65,24486.2,0.0,GREEN,14.200000000000728
2025-05-05 05:45:00,24487.2,24495.9,24464.3,24465.35,0.0,RED,21.850000000002183
2025-05-05 06:00:00,24465.5,24481.6,24436.15,24447.05,0.0,RED,18.450000000000728
2025-05-05 06:15:00,24447.25,24449.5,24414.45,24445.4,0.0,RED,1.8499999999985448
2025-05-05 06:30:00,24444.9,24459.75,24437.65,24448.7,0.0,GREEN,3.7999999999992724
2025-05-05 06:45:00,24448.7,24457.5,24430.0,24457.35,0.0,GREEN,8.649999999997817
2025-05-05 07:00:00,24457.4,24460.6,24442.9,24456.1,0.0,RED,1.3000000000029104
2025-05-05 07:15:00,24455.65,24475.95,24441.7,24474.3,0.0,GREEN,18.649999999997817
2025-05-05 07:30:00,24475.15,24477.0,24443.35,24451.05,0.0,RED,24.100000000002183
2025-05-05 07:45:00,24451.25,24463.6,24434.05,24454.7,0.0,GREEN,3.4500000000007276
2025-05-05 08:00:00,24453.7,24476.05,24450.85,24473.65,0.0,GREEN,19.950000000000728
2025-05-05 08:15:00,24473.85,24492.9,24469.5,24482.6,0.0,GREEN,8.75
2025-05-05 08:30:00,24482.75,24490.35,24472.55,24472.9,0.0,RED,9.849999999998545
2025-05-05 08:45:00,24473.9,24476.0,24455.0,24464.35,0.0,RED,9.55000000000291
2025-05-05 09:00:00,24465.35,24492.15,24464.7,24475.95,0.0,GREEN,10.600000000002183
2025-05-05 09:15:00,24475.7,24487.0,24467.9,24471.15,0.0,RED,4.549999999999272
2025-05-05 09:30:00,24471.1,24474.0,24442.15,24448.3,0.0,RED,22.799999999999272
2025-05-05 09:45:00,24448.6,24475.2,24447.5,24459.5,0.0,GREEN,10.900000000001455
2025-05-06 03:45:00,24500.75,24509.650390625,24421.0,24433.0,0.0,RED,67.75
2025-05-06 04:00:00,24433.1,24477.05,24424.1,24458.1,0.0,GREEN,25.0
2025-05-06 04:15:00,24457.65,24459.5,24388.55078125,24391.65,0.0,RED,66.0
2025-05-06 04:30:00,24391.0,24414.35,24379.80078125,24389.7,0.0,RED,1.2999999999992724
2025-05-06 04:45:00,24388.7,24392.1,24369.099609375,24385.8,0.0,RED,2.900000000001455
2025-05-06 05:00:00,24385.95,24399.2,24375.5,24397.05,0.0,GREEN,11.099999999998545
2025-05-06 05:15:00,24397.6,24406.15,24384.7,24403.05,0.0,GREEN,5.450000000000728
2025-05-06 05:30:00,24403.55,24405.25,24386.1,24387.95,0.0,RED,15.599999999998545
2025-05-06 05:45:00,24388.1,24390.35,24366.650390625,24371.75,0.0,RED,16.349999999998545
2025-05-06 06:00:00,24372.15,24375.45,24356.75,24361.15,0.0,RED,11.0
2025-05-06 06:15:00,24359.8,24393.3,24357.35,24378.45,0.0,GREEN,18.650000000001455
2025-05-06 06:30:00,24377.75,24396.85,24372.25,24392.2,0.0,GREEN,14.450000000000728
2025-05-06 06:45:00,24390.4,24402.05,24384.5,24393.45,0.0,GREEN,3.0499999999992724
2025-05-06 07:00:00,24392.95,24398.55,24378.1,24385.35,0.0,RED,7.600000000002183
2025-05-06 07:15:00,24384.05,24388.75,24372.95,24378.35,0.0,RED,5.700000000000728
2025-05-06 07:30:00,24376.4,24394.2,24367.05,24383.25,0.0,GREEN,6.849999999998545
2025-05-06 07:45:00,24382.8,24394.35,24376.0,24389.2,0.0,GREEN,6.400000000001455
2025-05-06 08:00:00,24387.85,24396.05,24384.95,24391.6,0.0,GREEN,3.75
2025-05-06 08:15:00,24390.05,24405.5,24386.5,24405.5,0.0,GREEN,15.450000000000728
2025-05-06 08:30:00,24405.55,24408.4,24379.05,24389.05,0.0,RED,16.5
2025-05-06 08:45:00,24387.25,24390.65,24361.9,24373.75,0.0,RED,13.5
2025-05-06 09:00:00,24372.85,24385.55,24370.35,24379.9,0.0,GREEN,7.05000000000291
2025-05-06 09:15:00,24377.5,24382.8,24355.5,24368.55,0.0,RED,8.950000000000728
2025-05-06 09:30:00,24365.5,24400.65,24365.5,24387.65,0.0,GREEN,22.150000000001455
2025-05-06 09:45:00,24387.7,24389.25,24331.80078125,24335.9,0.0,RED,51.79999999999927
2025-05-07 03:45:00,24233.30078125,24436.599609375,24220.0,24427.2,0.0,GREEN,193.89921875000073
2025-05-07 04:00:00,24428.5,24449.599609375,24391.3,24402.85,0.0,RED,25.650000000001455
2025-05-07 04:15:00,24402.1,24404.55,24320.05,24359.15,0.0,RED,42.94999999999709
2025-05-07 04:30:00,24358.65,24369.15,24290.3,24304.1,0.0,RED,54.55000000000291
2025-05-07 04:45:00,24303.5,24359.65,24285.0,24329.25,0.0,GREEN,25.75
2025-05-07 05:00:00,24329.8,24372.85,24329.2,24355.9,0.0,GREEN,26.100000000002183
2025-05-07 05:15:00,24356.9,24372.0,24324.75,24335.8,0.0,RED,21.100000000002183
2025-05-07 05:30:00,24334.75,24373.75,24334.75,24372.6,0.0,GREEN,37.849999999998545
2025-05-07 05:45:00,24372.5,24416.2,24372.5,24406.45,0.0,GREEN,33.95000000000073
2025-05-07 06:00:00,24406.55,24430.4,24402.45,24408.95,0.0,GREEN,2.400000000001455
2025-05-07 06:15:00,24408.8,24408.8,24349.75,24357.75,0.0,RED,51.04999999999927
2025-05-07 06:30:00,24358.3,24382.55,24352.9,24374.85,0.0,GREEN,16.549999999999272
2025-05-07 06:45:00,24374.65,24391.4,24365.65,24387.35,0.0,GREEN,12.69999999999709
2025-05-07 07:00:00,24387.55,24398.25,24380.95,24388.35,0.0,GREEN,0.7999999999992724
2025-05-07 07:15:00,24388.65,24400.4,24380.35,24382.95,0.0,RED,5.700000000000728
2025-05-07 07:30:00,24382.35,24383.35,24354.95,24362.05,0.0,RED,20.299999999999272
2025-05-07 07:45:00,24362.0,24372.65,24356.4,24356.9,0.0,RED,5.099999999998545
2025-05-07 08:00:00,24356.85,24364.0,24345.35,24355.9,0.0,RED,0.9499999999970896
2025-05-07 08:15:00,24355.7,24372.95,24346.15,24371.25,0.0,GREEN,15.549999999999272
2025-05-07 08:30:00,24372.9,24422.95,24368.3,24406.9,0.0,GREEN,34.0
2025-05-07 08:45:00,24410.95,24416.85,24367.85,24392.8,0.0,RED,18.150000000001455
2025-05-07 09:00:00,24394.35,24426.05,24390.25,24414.7,0.0,GREEN,20.350000000002183
2025-05-07 09:15:00,24416.15,24417.45,24394.4,24395.35,0.0,RED,20.80000000000291
2025-05-07 09:30:00,24395.7,24424.05,24395.7,24407.05,0.0,GREEN,11.349999999998545
2025-05-07 09:45:00,24406.8,24425.05,24403.8,24409.3,0.0,GREEN,2.5
2025-05-08 03:45:00,24431.5,24447.25,24381.94921875,24392.3,0.0,RED,39.20000000000073
2025-05-08 04:00:00,24393.35,24406.65,24373.44921875,24391.5,0.0,RED,1.8499999999985448
2025-05-08 04:15:00,24391.9,24394.65,24373.85,24380.3,0.0,RED,11.600000000002183
2025-05-08 04:30:00,24380.2,24402.2,24380.2,24391.55,0.0,GREEN,11.349999999998545
2025-05-08 04:45:00,24391.55,24412.3,24384.35,24404.45,0.0,GREEN,12.900000000001455
2025-05-08 05:00:00,24404.4,24409.45,24388.0,24398.9,0.0,RED,5.5
2025-05-08 05:15:00,24398.8,24405.9,24390.3,24397.25,0.0,RED,1.5499999999992724
2025-05-08 05:30:00,24396.6,24407.8,24395.15,24398.05,0.0,GREEN,1.4500000000007276
2025-05-08 05:45:00,24397.45,24415.8,24397.45,24412.3,0.0,GREEN,14.849999999998545
2025-05-08 06:00:00,24411.3,24413.6,24403.6,24408.55,0.0,RED,2.75
2025-05-08 06:15:00,24407.45,24410.2,24398.25,24401.3,0.0,RED,6.150000000001455
2025-05-08 06:30:00,24401.85,24404.25,24396.7,24403.4,0.0,GREEN,1.5500000000029104
2025-05-08 06:45:00,24403.25,24411.2,24399.25,24402.35,0.0,RED,0.9000000000014552
2025-05-08 07:00:00,24401.45,24405.3,24395.35,24397.15,0.0,RED,4.299999999999272
2025-05-08 07:15:00,24396.2,24403.9,24394.0,24400.1,0.0,GREEN,3.899999999997817
2025-05-08 07:30:00,24399.55,24399.9,24381.05,24385.95,0.0,RED,13.599999999998545
2025-05-08 07:45:00,24384.85,24386.7,24349.05078125,24366.55,0.0,RED,18.299999999999272
2025-05-08 08:00:00,24365.35,24375.85,24330.44921875,24337.45,0.0,RED,27.899999999997817
2025-05-08 08:15:00,24336.65,24361.1,24322.55078125,24330.4,0.0,RED,6.25
2025-05-08 08:30:00,24330.85,24344.45,24313.5,24316.95,0.0,RED,13.899999999997817
2025-05-08 08:45:00,24317.55,24354.6,24314.8,24349.75,0.0,GREEN,32.20000000000073
2025-05-08 09:00:00,24348.8,24357.3,24331.15,24338.2,0.0,RED,10.599999999998545
2025-05-08 09:15:00,24338.05,24339.9,24244.0,24262.2,0.0,RED,75.84999999999854
2025-05-08 09:30:00,24267.75,24322.6,24247.7,24309.15,0.0,GREEN,41.400000000001455
2025-05-08 09:45:00,24308.45,24310.9,24150.19921875,24154.1,0.0,RED,154.35000000000218
2025-05-09 03:45:00,23935.75,24164.25,23935.75,24080.8,0.0,GREEN,145.04999999999927
2025-05-09 04:00:00,24083.55,24122.7,24039.15,24090.5,0.0,GREEN,6.950000000000728
2025-05-09 04:15:00,24092.25,24111.7,24011.1,24012.5,0.0,RED,79.75
2025-05-09 04:30:00,24012.6,24063.45,23949.2,24060.65,0.0,GREEN,48.05000000000291
2025-05-09 04:45:00,24061.2,24086.75,24030.55,24046.7,0.0,RED,14.5
2025-05-09 05:00:00,24046.6,24063.25,24007.75,24009.25,0.0,RED,37.349999999998545
2025-05-09 05:15:00,24008.65,24019.0,23976.65,23987.3,0.0,RED,21.350000000002183
2025-05-09 05:30:00,23987.45,24017.2,23987.45,24012.85,0.0,GREEN,25.399999999997817
2025-05-09 05:45:00,24012.3,24094.0,23999.45,24093.9,0.0,GREEN,81.60000000000218
2025-05-09 06:00:00,24093.0,24121.3,24057.55,24057.55,0.0,RED,35.45000000000073
2025-05-09 06:15:00,24055.9,24060.85,24013.95,24055.3,0.0,RED,0.6000000000021828
2025-05-09 06:30:00,24053.65,24056.1,24024.0,24049.7,0.0,RED,3.9500000000007276
2025-05-09 06:45:00,24049.85,24054.55,24010.15,24036.4,0.0,RED,13.44999999999709
2025-05-09 07:00:00,24036.15,24036.15,24004.85,24006.85,0.0,RED,29.30000000000291
2025-05-09 07:15:00,24006.8,24045.6,24001.85,24033.35,0.0,GREEN,26.549999999999272
2025-05-09 07:30:00,24032.65,24038.5,23992.8,24009.25,0.0,RED,23.400000000001455
2025-05-09 07:45:00,24008.8,24024.7,23961.7,23966.9,0.0,RED,41.89999999999782
2025-05-09 08:00:00,23965.75,23998.5,23963.8,23980.65,0.0,GREEN,14.900000000001455
2025-05-09 08:15:00,23980.35,24013.5,23972.85,23980.75,0.0,GREEN,0.4000000000014552
2025-05-09 08:30:00,23978.4,24011.3,23977.95,24005.05,0.0,GREEN,26.649999999997817
2025-05-09 08:45:00,24004.6,24032.75,23960.95,23965.45,0.0,RED,39.14999999999782
2025-05-09 09:00:00,23964.95,23995.55,23963.2,23987.3,0.0,GREEN,22.349999999998545
2025-05-09 09:15:00,23986.15,24025.7,23985.65,24016.75,0.0,GREEN,30.599999999998545
2025-05-09 09:30:00,24013.8,24017.55,23988.45,24000.55,0.0,RED,13.25
2025-05-09 09:45:00,23999.3,24046.9,23997.35,24038.65,0.0,GREEN,39.35000000000218
2025-05-12 03:45:00,24420.099609375,24597.150390625,24378.849609375,24595.2,0.0,GREEN,175.10039062500073
2025-05-12 04:00:00,24596.1,24633.599609375,24583.4,24591.7,0.0,RED,4.399999999997817
2025-05-12 04:15:00,24592.85,24737.80078125,24592.4,24725.0,0.0,GREEN,132.15000000000146
2025-05-12 04:30:00,24725.55,24731.4,24668.4,24682.65,0.0,RED,42.89999999999782
2025-05-12 04:45:00,24682.3,24723.55,24682.3,24696.9,0.0,GREEN,14.600000000002183
2025-05-12 05:00:00,24697.5,24712.85,24673.3,24699.75,0.0,GREEN,2.25
2025-05-12 05:15:00,24699.95,24700.55,24669.1,24678.2,0.0,RED,21.75
2025-05-12 05:30:00,24679.3,24714.85,24679.3,24702.85,0.0,GREEN,23.549999999999272
2025-05-12 05:45:00,24703.2,24745.75,24698.55,24733.3,0.0,GREEN,30.099999999998545
2025-05-12 06:00:00,24733.3,24744.6,24715.75,24728.2,0.0,RED,5.099999999998545
2025-05-12 06:15:00,24728.2,24731.2,24713.2,24716.85,0.0,RED,11.350000000002183
2025-05-12 06:30:00,24717.3,24728.45,24711.35,24721.3,0.0,GREEN,4.0
2025-05-12 06:45:00,24723.3,24727.65,24690.35,24702.45,0.0,RED,20.849999999998545
2025-05-12 07:00:00,24702.35,24806.30078125,24702.35,24790.0,0.0,GREEN,87.65000000000146
2025-05-12 07:15:00,24789.9,24802.95,24772.35,24800.9,0.0,GREEN,11.0
2025-05-12 07:30:00,24801.45,24807.05078125,24779.95,24789.15,0.0,RED,12.299999999999272
2025-05-12 07:45:00,24789.15,24823.849609375,24789.0,24821.5,0.0,GREEN,32.349999999998545
2025-05-12 08:00:00,24821.65,24850.400390625,24818.2,24843.95,0.0,GREEN,22.299999999999272
2025-05-12 08:15:00,24845.2,24853.75,24830.1,24843.95,0.0,RED,1.25
2025-05-12 08:30:00,24844.8,24866.94921875,24836.0,24866.2,0.0,GREEN,21.400000000001455
2025-05-12 08:45:00,24866.25,24902.900390625,24866.25,24898.0,0.0,GREEN,31.75
2025-05-12 09:00:00,24897.1,24907.19921875,24854.75,24862.35,0.0,RED,34.75
2025-05-12 09:15:00,24862.2,24926.19921875,24858.2,24921.6,0.0,GREEN,59.39999999999782
2025-05-12 09:30:00,24920.85,24930.400390625,24898.35,24907.45,0.0,RED,13.399999999997817
2025-05-12 09:45:00,24906.05,24944.80078125,24904.75,24920.25,0.0,GREEN,14.200000000000728
2025-05-13 03:45:00,24864.05,24973.80078125,24754.099609375,24768.6,0.0,RED,95.45000000000073
2025-05-13 04:00:00,24767.4,24846.6,24675.599609375,24746.7,0.0,RED,20.700000000000728
2025-05-13 04:15:00,24745.2,24756.65,24677.6,24711.6,0.0,RED,33.60000000000218
2025-05-13 04:30:00,24711.95,24789.45,24681.15,24771.95,0.0,GREEN,60.0
2025-05-13 04:45:00,24770.85,24797.6,24660.400390625,24660.55,0.0,RED,110.29999999999927
2025-05-13 05:00:00,24658.2,24709.15,24634.900390625,24700.3,0.0,GREEN,42.099999999998545
2025-05-13 05:15:00,24700.8,24761.65,24683.1,24759.05,0.0,GREEN,58.25
2025-05-13 05:30:00,24759.5,24837.8,24700.35,24724.55,0.0,RED,34.95000000000073
2025-05-13 05:45:00,24724.55,24810.45,24723.25,24798.0,0.0,GREEN,73.45000000000073
2025-05-13 06:00:00,24797.15,24817.9,24738.25,24740.7,0.0,RED,56.45000000000073
2025-05-13 06:15:00,24740.9,24764.05,24709.2,24724.4,0.0,RED,16.5
2025-05-13 06:30:00,24722.3,24771.45,24693.9,24757.6,0.0,GREEN,35.29999999999927
2025-05-13 06:45:00,24755.45,24772.0,24697.4,24712.65,0.0,RED,42.79999999999927
2025-05-13 07:00:00,24712.75,24726.35,24640.2,24645.0,0.0,RED,67.75
2025-05-13 07:15:00,24644.05,24665.25,24597.599609375,24605.4,0.0,RED,38.64999999999782
2025-05-13 07:30:00,24604.6,24648.9,24602.25,24633.15,0.0,GREEN,28.55000000000291
2025-05-13 07:45:00,24630.8,24637.0,24589.599609375,24592.3,0.0,RED,38.5
2025-05-13 08:00:00,24592.1,24615.9,24588.349609375,24614.15,0.0,GREEN,22.05000000000291
2025-05-13 08:15:00,24614.5,24617.85,24582.400390625,24586.05,0.0,RED,28.450000000000728
2025-05-13 08:30:00,24585.75,24609.4,24576.0,24591.55,0.0,GREEN,5.799999999999272
2025-05-13 08:45:00,24590.45,24606.3,24560.69921875,24586.85,0.0,RED,3.600000000002183
2025-05-13 09:00:00,24586.6,24617.5,24575.55,24601.9,0.0,GREEN,15.30000000000291
2025-05-13 09:15:00,24601.15,24636.85,24591.3,24614.8,0.0,GREEN,13.649999999997817
2025-05-13 09:30:00,24615.55,24621.2,24559.150390625,24559.45,0.0,RED,56.099999999998545
2025-05-13 09:45:00,24560.0,24594.3,24547.5,24592.25,0.0,GREEN,32.25
2025-05-13 10:00:00,24593.65,24593.65,24593.65,24593.65,0.0,DOJI,0.0
2025-05-14 03:45:00,24613.80078125,24737.55078125,24581.75,24718.1,0.0,GREEN,104.29921874999854
2025-05-14 04:00:00,24717.9,24745.5,24657.6,24742.8,0.0,GREEN,24.899999999997817
2025-05-14 04:15:00,24742.85,24751.44921875,24690.8,24727.4,0.0,RED,15.44999999999709
2025-05-14 04:30:00,24727.2,24758.55078125,24718.75,24758.15,0.0,GREEN,30.950000000000728
2025-05-14 04:45:00,24757.4,24767.55078125,24738.75,24744.65,0.0,RED,12.75
2025-05-14 05:00:00,24744.85,24747.15,24711.25,24733.8,0.0,RED,11.049999999999272
2025-05-14 05:15:00,24734.0,24740.1,24683.45,24684.6,0.0,RED,49.400000000001455
2025-05-14 05:30:00,24684.65,24709.6,24684.35,24700.95,0.0,GREEN,16.299999999999272
2025-05-14 05:45:00,24699.65,24724.9,24693.45,24718.0,0.0,GREEN,18.349999999998545
2025-05-14 06:00:00,24718.0,24721.8,24681.1,24686.25,0.0,RED,31.75
2025-05-14 06:15:00,24686.55,24686.55,24633.05,24662.15,0.0,RED,24.399999999997817
2025-05-14 06:30:00,24662.0,24679.55,24654.75,24677.1,0.0,GREEN,15.099999999998545
2025-05-14 06:45:00,24677.25,24679.65,24660.35,24662.25,0.0,RED,15.0
2025-05-14 07:00:00,24663.3,24664.75,24609.35,24629.7,0.0,RED,33.599999999998545
2025-05-14 07:15:00,24629.9,24635.8,24535.55078125,24581.7,0.0,RED,48.20000000000073
2025-05-14 07:30:00,24581.65,24643.0,24578.9,24636.05,0.0,GREEN,54.39999999999782
2025-05-14 07:45:00,24636.45,24660.95,24604.35,24644.95,0.0,GREEN,8.5
2025-05-14 08:00:00,24644.55,24648.0,24625.35,24628.5,0.0,RED,16.049999999999272
2025-05-14 08:15:00,24628.55,24638.2,24614.7,24621.8,0.0,RED,6.75
2025-05-14 08:30:00,24618.9,24620.0,24596.75,24615.0,0.0,RED,3.900000000001455
2025-05-14 08:45:00,24614.55,24633.0,24605.65,24611.2,0.0,RED,3.349999999998545
2025-05-14 09:00:00,24609.8,24665.65,24577.7,24625.55,0.0,GREEN,15.75
2025-05-14 09:15:00,24624.95,24642.05,24618.4,24633.25,0.0,GREEN,8.299999999999272
2025-05-14 09:30:00,24633.3,24675.2,24632.25,24669.55,0.0,GREEN,36.25
2025-05-14 09:45:00,24669.95,24696.75,24651.3,24685.75,0.0,GREEN,15.799999999999272
2025-05-15 03:45:00,24694.44921875,24706.75,24584.650390625,24611.85,0.0,RED,82.59921875000146
2025-05-15 04:00:00,24611.3,24626.15,24538.19921875,24546.9,0.0,RED,64.39999999999782
2025-05-15 04:15:00,24545.3,24585.55,24494.44921875,24560.75,0.0,GREEN,15.450000000000728
2025-05-15 04:30:00,24560.7,24571.05,24511.5,24561.7,0.0,GREEN,1.0
2025-05-15 04:45:00,24562.2,24586.8,24533.2,24564.95,0.0,GREEN,2.75
2025-05-15 05:00:00,24564.5,24807.75,24564.5,24745.9,0.0,GREEN,181.40000000000146
2025-05-15 05:15:00,24745.35,24790.15,24693.95,24780.3,0.0,GREEN,34.95000000000073
2025-05-15 05:30:00,24782.8,24783.95,24600.6,24617.25,0.0,RED,165.54999999999927
2025-05-15 05:45:00,24617.25,24683.2,24603.75,24643.8,0.0,GREEN,26.549999999999272
2025-05-15 06:00:00,24640.3,24647.3,24601.15,24635.85,0.0,RED,4.450000000000728
2025-05-15 06:15:00,24636.15,24659.95,24614.05,24628.9,0.0,RED,7.25
2025-05-15 06:30:00,24629.4,24707.9,24616.45,24661.05,0.0,GREEN,31.649999999997817
2025-05-15 06:45:00,24662.05,24740.05,24629.9,24635.55,0.0,RED,26.5
2025-05-15 07:00:00,24635.95,24699.8,24626.3,24643.55,0.0,GREEN,7.599999999998545
2025-05-15 07:15:00,24643.3,24692.2,24636.15,24683.95,0.0,GREEN,40.650000000001455
2025-05-15 07:30:00,24683.55,24888.900390625,24683.55,24886.3,0.0,GREEN,202.75
2025-05-15 07:45:00,24887.15,24917.80078125,24848.8,24903.6,0.0,GREEN,16.44999999999709
2025-05-15 08:00:00,24905.25,25003.05078125,24905.25,24986.25,0.0,GREEN,81.0
2025-05-15 08:15:00,24987.35,25089.80078125,24987.25,25076.65,0.0,GREEN,89.30000000000291
2025-05-15 08:30:00,25074.6,25106.05078125,25037.05,25091.0,0.0,GREEN,16.400000000001455
2025-05-15 08:45:00,25091.5,25116.25,25070.5,25105.45,0.0,GREEN,13.950000000000728
2025-05-15 09:00:00,25104.85,25108.15,25044.35,25087.45,0.0,RED,17.399999999997817
2025-05-15 09:15:00,25089.15,25089.15,25040.0,25064.4,0.0,RED,24.75
2025-05-15 09:30:00,25065.0,25085.6,25048.6,25056.4,0.0,RED,8.599999999998545
2025-05-15 09:45:00,25055.2,25063.45,25035.3,25035.3,0.0,RED,19.900000000001455
2025-05-16 03:45:00,25064.650390625,25065.25,24984.0,25033.6,0.0,RED,31.050390625001455
2025-05-16 04:00:00,25033.25,25070.0,24983.15,25017.1,0.0,RED,16.150000000001455
2025-05-16 04:15:00,25017.25,25030.7,24975.80078125,24992.15,0.0,RED,25.099999999998545
2025-05-16 04:30:00,24991.55,25028.9,24989.25,25005.15,0.0,GREEN,13.600000000002183
2025-05-16 04:45:00,25005.65,25040.85,24987.6,25007.45,0.0,GREEN,1.7999999999992724
2025-05-16 05:00:00,25006.9,25014.3,24983.7,24996.6,0.0,RED,10.30000000000291
2025-05-16 05:15:00,24996.75,25004.6,24991.1,25000.9,0.0,GREEN,4.150000000001455
2025-05-16 05:30:00,25001.45,25001.45,24953.05078125,24975.45,0.0,RED,26.0
2025-05-16 05:45:00,24975.15,24985.3,24958.7,24961.9,0.0,RED,13.25
2025-05-16 06:00:00,24961.85,24997.9,24960.25,24981.3,0.0,GREEN,19.450000000000728
2025-05-16 06:15:00,24981.15,24992.0,24971.4,24973.55,0.0,RED,7.600000000002183
2025-05-16 06:30:00,24973.7,24991.55,24972.8,24976.05,0.0,GREEN,2.349999999998545
2025-05-16 06:45:00,24974.65,24988.6,24968.8,24988.55,0.0,GREEN,13.899999999997817
2025-05-16 07:00:00,24988.25,25004.6,24982.25,25001.55,0.0,GREEN,13.299999999999272
2025-05-16 07:15:00,25001.5,25018.5,24988.65,24988.95,0.0,RED,12.549999999999272
2025-05-16 07:30:00,24988.9,25008.6,24986.85,25006.8,0.0,GREEN,17.899999999997817
2025-05-16 07:45:00,25006.75,25034.8,25004.1,25029.75,0.0,GREEN,23.0
2025-05-16 08:00:00,25029.9,25031.9,24997.25,25001.25,0.0,RED,28.650000000001455
2025-05-16 08:15:00,24999.9,25020.3,24994.45,25014.2,0.0,GREEN,14.299999999999272
2025-05-16 08:30:00,25014.55,25032.95,25010.25,25019.95,0.0,GREEN,5.400000000001455
2025-05-16 08:45:00,25019.6,25025.05,24999.7,25003.1,0.0,RED,16.5
2025-05-16 09:00:00,25002.7,25019.8,24992.35,25014.95,0.0,GREEN,12.25
2025-05-16 09:15:00,25014.4,25019.45,25005.3,25011.9,0.0,RED,2.5
2025-05-16 09:30:00,25012.3,25034.5,25011.65,25024.2,0.0,GREEN,11.900000000001455
2025-05-16 09:45:00,25025.45,25025.6,25002.7,25013.1,0.0,RED,12.350000000002183
2025-05-19 03:45:00,25005.35,25058.69921875,24965.80078125,25014.45,0.0,GREEN,9.100000000002183
2025-05-19 04:00:00,25014.15,25056.55,24978.0,25009.25,0.0,RED,4.900000000001455
2025-05-19 04:15:00,25008.75,25029.3,24994.55,25013.1,0.0,GREEN,4.349999999998545
2025-05-19 04:30:00,25013.65,25049.4,25002.05,25040.85,0.0,GREEN,27.19999999999709
2025-05-19 04:45:00,25040.2,25062.95,25015.65,25024.1,0.0,RED,16.100000000002183
2025-05-19 05:00:00,25024.1,25035.65,25001.95,25003.35,0.0,RED,20.75
2025-05-19 05:15:00,25003.75,25040.6,24999.45,25034.8,0.0,GREEN,31.049999999999272
2025-05-19 05:30:00,25034.9,25045.85,25022.3,25027.05,0.0,RED,7.850000000002183
2025-05-19 05:45:00,25026.55,25043.1,25023.0,25026.05,0.0,RED,0.5
2025-05-19 06:00:00,25026.15,25030.35,25006.95,25008.8,0.0,RED,17.350000000002183
2025-05-19 06:15:00,25008.1,25025.1,24998.95,25001.75,0.0,RED,6.349999999998545
2025-05-19 06:30:00,25001.6,25003.75,24979.1,24987.5,0.0,RED,14.099999999998545
2025-05-19 06:45:00,24987.4,25017.5,24972.25,25010.55,0.0,GREEN,23.149999999997817
2025-05-19 07:00:00,25009.85,25014.45,24999.95,25003.4,0.0,RED,6.44999999999709
2025-05-19 07:15:00,25003.2,25018.6,24997.85,25012.1,0.0,GREEN,8.899999999997817
2025-05-19 07:30:00,25011.25,25016.1,24975.95,24980.55,0.0,RED,30.700000000000728
2025-05-19 07:45:00,24980.45,25006.1,24974.7,24996.45,0.0,GREEN,16.0
2025-05-19 08:00:00,24996.0,25004.0,24978.25,24981.5,0.0,RED,14.5
2025-05-19 08:15:00,24982.6,24985.45,24970.45,24975.0,0.0,RED,7.599999999998545
2025-05-19 08:30:00,24974.45,24977.9,24919.3,24940.35,0.0,RED,34.10000000000218
2025-05-19 08:45:00,24940.2,24960.55,24935.1,24938.85,0.0,RED,1.3500000000021828
2025-05-19 09:00:00,24938.5,24949.65,24932.55,24940.2,0.0,GREEN,1.7000000000007276
2025-05-19 09:15:00,24941.3,24942.8,24916.65,24926.45,0.0,RED,14.849999999998545
2025-05-19 09:30:00,24926.95,24958.5,24926.2,24945.65,0.0,GREEN,18.700000000000728
2025-05-19 09:45:00,24945.35,24951.65,24927.45,24935.35,0.0,RED,10.0
2025-05-20 03:45:00,24996.19921875,25010.349609375,24934.44921875,24935.65,0.0,RED,60.549218749998545
2025-05-20 04:00:00,24935.4,24961.7,24913.900390625,24915.75,0.0,RED,19.650000000001455
2025-05-20 04:15:00,24916.15,24916.15,24863.400390625,24894.05,0.0,RED,22.100000000002183
2025-05-20 04:30:00,24893.65,24909.85,24874.3,24899.4,0.0,GREEN,5.75
2025-05-20 04:45:00,24899.5,24902.6,24879.0,24889.1,0.0,RED,10.400000000001455
2025-05-20 05:00:00,24888.55,24935.15,24887.4,24927.0,0.0,GREEN,38.45000000000073
2025-05-20 05:15:00,24927.25,24967.25,24917.15,24930.85,0.0,GREEN,3.599999999998545
2025-05-20 05:30:00,24932.0,24946.55,24905.95,24920.75,0.0,RED,11.25
2025-05-20 05:45:00,24921.05,24921.05,24888.6,24890.55,0.0,RED,30.5
2025-05-20 06:00:00,24890.8,24901.15,24865.05,24870.3,0.0,RED,20.5
2025-05-20 06:15:00,24870.3,24881.75,24844.55078125,24862.5,0.0,RED,7.799999999999272
2025-05-20 06:30:00,24862.6,24887.9,24856.35,24859.2,0.0,RED,3.399999999997817
2025-05-20 06:45:00,24862.0,24867.75,24852.05,24862.35,0.0,GREEN,0.3499999999985448
2025-05-20 07:00:00,24862.65,24876.2,24849.9,24859.6,0.0,RED,3.0500000000029104
2025-05-20 07:15:00,24860.65,24865.05,24780.650390625,24792.5,0.0,RED,68.15000000000146
2025-05-20 07:30:00,24792.25,24814.65,24784.05,24790.7,0.0,RED,1.5499999999992724
2025-05-20 07:45:00,24790.45,24793.25,24765.400390625,24781.0,0.0,RED,9.450000000000728
2025-05-20 08:00:00,24781.05,24795.1,24750.650390625,24762.2,0.0,RED,18.849999999998545
2025-05-20 08:15:00,24761.8,24784.55,24753.85,24767.95,0.0,GREEN,6.150000000001455
2025-05-20 08:30:00,24767.5,24770.25,24728.099609375,24738.35,0.0,RED,29.150000000001455
2025-05-20 08:45:00,24737.1,24745.6,24700.900390625,24704.1,0.0,RED,33.0
2025-05-20 09:00:00,24704.0,24710.95,24676.599609375,24681.9,0.0,RED,22.099999999998545
2025-05-20 09:15:00,24681.65,24707.05,24675.94921875,24677.3,0.0,RED,4.350000000002183
2025-05-20 09:30:00,24677.25,24703.55,24669.69921875,24693.1,0.0,GREEN,15.849999999998545
2025-05-20 09:45:00,24692.85,24713.85,24672.05,24713.85,0.0,GREEN,21.0
2025-05-21 03:45:00,24744.25,24766.150390625,24692.65,24738.3,0.0,RED,5.950000000000728
2025-05-21 04:00:00,24738.2,24817.05078125,24722.5,24796.65,0.0,GREEN,58.45000000000073
2025-05-21 04:15:00,24795.7,24844.30078125,24794.3,24815.9,0.0,GREEN,20.200000000000728
2025-05-21 04:30:00,24815.85,24870.19921875,24811.25,24869.2,0.0,GREEN,53.35000000000218
2025-05-21 04:45:00,24869.85,24914.19921875,24869.85,24893.65,0.0,GREEN,23.80000000000291
2025-05-21 05:00:00,24893.6,24946.19921875,24892.85,24916.1,0.0,GREEN,22.5
2025-05-21 05:15:00,24916.2,24936.05,24905.95,24914.8,0.0,RED,1.4000000000014552
2025-05-21 05:30:00,24915.05,24921.45,24858.05,24896.95,0.0,RED,18.099999999998545
2025-05-21 05:45:00,24896.3,24914.4,24865.8,24871.0,0.0,RED,25.299999999999272
2025-05-21 06:00:00,24871.3,24878.85,24833.6,24853.05,0.0,RED,18.25
2025-05-21 06:15:00,24853.15,24854.85,24812.4,24827.85,0.0,RED,25.30000000000291
2025-05-21 06:30:00,24828.55,24829.35,24727.1,24733.45,0.0,RED,95.09999999999854
2025-05-21 06:45:00,24735.45,24767.4,24685.349609375,24743.05,0.0,GREEN,7.599999999998545
2025-05-21 07:00:00,24744.15,24808.5,24742.5,24780.3,0.0,GREEN,36.14999999999782
2025-05-21 07:15:00,24780.15,24785.55,24736.3,24776.6,0.0,RED,3.5500000000029104
2025-05-21 07:30:00,24775.6,24804.15,24767.35,24800.05,0.0,GREEN,24.450000000000728
2025-05-21 07:45:00,24800.2,24839.35,24775.1,24775.1,0.0,RED,25.100000000002183
2025-05-21 08:00:00,24776.1,24815.15,24758.5,24762.8,0.0,RED,13.299999999999272
2025-05-21 08:15:00,24762.6,24793.8,24761.15,24777.3,0.0,GREEN,14.700000000000728
2025-05-21 08:30:00,24777.6,24799.2,24740.8,24799.2,0.0,GREEN,21.600000000002183
2025-05-21 08:45:00,24799.1,24819.35,24789.35,24808.75,0.0,GREEN,9.650000000001455
2025-05-21 09:00:00,24808.75,24819.6,24780.65,24785.55,0.0,RED,23.200000000000728
2025-05-21 09:15:00,24786.1,24813.9,24785.95,24807.0,0.0,GREEN,20.900000000001455
2025-05-21 09:30:00,24807.6,24829.85,24803.65,24809.4,0.0,GREEN,1.8000000000029104
2025-05-21 09:45:00,24809.25,24819.95,24794.85,24800.95,0.0,RED,8.299999999999272
2025-05-22 03:45:00,24733.94921875,24737.5,24574.0,24590.5,0.0,RED,143.44921875
2025-05-22 04:00:00,24591.45,24616.05,24541.599609375,24589.95,0.0,RED,1.5
2025-05-22 04:15:00,24590.5,24629.65,24556.65,24629.65,0.0,GREEN,39.150000000001455
2025-05-22 04:30:00,24631.65,24631.7,24580.2,24606.05,0.0,RED,25.600000000002183
2025-05-22 04:45:00,24606.45,24622.8,24571.15,24580.25,0.0,RED,26.200000000000728
2025-05-22 05:00:00,24580.75,24628.6,24576.6,24605.55,0.0,GREEN,24.799999999999272
2025-05-22 05:15:00,24606.8,24613.05,24593.3,24605.15,0.0,RED,1.6499999999978172
2025-05-22 05:30:00,24605.9,24610.25,24588.15,24594.6,0.0,RED,11.30000000000291
2025-05-22 05:45:00,24594.65,24604.3,24579.2,24595.5,0.0,GREEN,0.8499999999985448
2025-05-22 06:00:00,24595.65,24598.65,24543.05,24560.65,0.0,RED,35.0
2025-05-22 06:15:00,24558.9,24607.5,24557.6,24589.75,0.0,GREEN,30.849999999998545
2025-05-22 06:30:00,24589.8,24599.0,24569.55,24572.8,0.0,RED,17.0
2025-05-22 06:45:00,24572.75,24574.65,24548.9,24552.7,0.0,RED,20.049999999999272
2025-05-22 07:00:00,24553.7,24571.9,24551.5,24558.7,0.0,GREEN,5.0
2025-05-22 07:15:00,24558.65,24559.0,24509.099609375,24523.85,0.0,RED,34.80000000000291
2025-05-22 07:30:00,24523.7,24543.0,24511.95,24539.65,0.0,GREEN,15.950000000000728
2025-05-22 07:45:00,24540.45,24554.45,24531.3,24551.65,0.0,GREEN,11.200000000000728
2025-05-22 08:00:00,24553.65,24556.6,24518.2,24524.2,0.0,RED,29.450000000000728
2025-05-22 08:15:00,24524.65,24534.85,24515.05,24525.35,0.0,GREEN,0.6999999999970896
2025-05-22 08:30:00,24525.35,24539.55,24518.55,24529.8,0.0,GREEN,4.450000000000728
2025-05-22 08:45:00,24529.3,24530.25,24474.75,24492.35,0.0,RED,36.95000000000073
2025-05-22 09:00:00,24492.25,24577.55,24462.400390625,24557.55,0.0,GREEN,65.29999999999927
2025-05-22 09:15:00,24557.8,24639.85,24512.7,24616.8,0.0,GREEN,59.0
2025-05-22 09:30:00,24616.3,24619.35,24594.0,24606.25,0.0,RED,10.049999999999272
2025-05-22 09:45:00,24606.35,24647.15,24597.5,24637.0,0.0,GREEN,30.650000000001455
2025-05-23 03:45:00,24639.5,24733.55078125,24614.05078125,24713.8,0.0,GREEN,74.29999999999927
2025-05-23 04:00:00,24714.0,24784.80078125,24696.1,24781.4,0.0,GREEN,67.40000000000146
2025-05-23 04:15:00,24780.95,24806.80078125,24763.25,24796.0,0.0,GREEN,15.049999999999272
2025-05-23 04:30:00,24795.45,24826.650390625,24785.15,24818.1,0.0,GREEN,22.649999999997817
2025-05-23 04:45:00,24817.45,24820.55,24768.05,24774.7,0.0,RED,42.75
2025-05-23 05:00:00,24774.6,24814.35,24748.55,24813.7,0.0,GREEN,39.10000000000218
2025-05-23 05:15:00,24814.1,24909.05078125,24807.9,24889.6,0.0,GREEN,75.5
2025-05-23 05:30:00,24892.3,24902.35,24874.85,24890.1,0.0,RED,2.2000000000007276
2025-05-23 05:45:00,24890.8,24894.4,24854.15,24882.0,0.0,RED,8.799999999999272
2025-05-23 06:00:00,24884.15,24903.4,24861.8,24868.6,0.0,RED,15.55000000000291
2025-05-23 06:15:00,24871.3,24872.9,24804.3,24837.45,0.0,RED,33.849999999998545
2025-05-23 06:30:00,24836.95,24851.85,24819.8,24834.75,0.0,RED,2.2000000000007276
2025-05-23 06:45:00,24834.7,24873.9,24828.85,24869.5,0.0,GREEN,34.79999999999927
2025-05-23 07:00:00,24870.7,24901.35,24865.45,24869.8,0.0,RED,0.9000000000014552
2025-05-23 07:15:00,24870.0,24898.2,24870.0,24880.9,0.0,GREEN,10.900000000001455
2025-05-23 07:30:00,24881.9,24902.0,24874.65,24877.45,0.0,RED,4.450000000000728
2025-05-23 07:45:00,24876.7,24898.4,24873.75,24884.15,0.0,GREEN,7.450000000000728
2025-05-23 08:00:00,24884.6,24892.05,24841.7,24851.0,0.0,RED,33.599999999998545
2025-05-23 08:15:00,24850.35,24883.2,24838.05,24875.9,0.0,GREEN,25.55000000000291
2025-05-23 08:30:00,24876.15,24894.05,24863.6,24869.1,0.0,RED,7.05000000000291
2025-05-23 08:45:00,24868.85,24884.15,24857.1,24872.65,0.0,GREEN,3.8000000000029104
2025-05-23 09:00:00,24872.7,24873.9,24833.75,24835.65,0.0,RED,37.04999999999927
2025-05-23 09:15:00,24834.75,24852.5,24819.3,24836.25,0.0,GREEN,1.5
2025-05-23 09:30:00,24836.35,24864.0,24836.35,24850.75,0.0,GREEN,14.400000000001455
2025-05-23 09:45:00,24850.5,24862.1,24842.9,24845.15,0.0,RED,5.349999999998545
2025-05-26 03:45:00,24919.349609375,25049.5,24900.5,25040.5,0.0,GREEN,121.150390625
2025-05-26 04:00:00,25040.05,25055.94921875,25024.35,25043.55,0.0,GREEN,3.5
2025-05-26 04:15:00,25041.25,25079.19921875,25041.25,25061.95,0.0,GREEN,20.700000000000728
2025-05-26 04:30:00,25062.5,25065.9,25035.15,25044.15,0.0,RED,18.349999999998545
2025-05-26 04:45:00,25043.9,25048.25,24938.65,24975.2,0.0,RED,68.70000000000073
2025-05-26 05:00:00,24974.65,24976.75,24910.5,24969.4,0.0,RED,5.25
2025-05-26 05:15:00,24970.2,24992.3,24950.95,24980.3,0.0,GREEN,10.099999999998545
2025-05-26 05:30:00,24980.4,24983.4,24960.0,24972.75,0.0,RED,7.650000000001455
2025-05-26 05:45:00,24972.75,25024.4,24961.65,24974.5,0.0,GREEN,1.75
2025-05-26 06:00:00,24974.35,24980.45,24954.1,24973.7,0.0,RED,0.6499999999978172
2025-05-26 06:15:00,24973.65,25011.35,24972.4,24999.05,0.0,GREEN,25.399999999997817
2025-05-26 06:30:00,25000.0,25007.85,24980.45,24989.8,0.0,RED,10.200000000000728
2025-05-26 06:45:00,24987.8,25013.8,24972.0,25007.4,0.0,GREEN,19.600000000002183
2025-05-26 07:00:00,25006.2,25010.3,24968.4,24968.4,0.0,RED,37.79999999999927
2025-05-26 07:15:00,24967.35,24977.05,24939.45,24967.35,0.0,DOJI,0.0
2025-05-26 07:30:00,24966.75,24992.1,24965.95,24981.9,0.0,GREEN,15.150000000001455
2025-05-26 07:45:00,24980.6,24986.85,24968.0,24973.05,0.0,RED,7.549999999999272
2025-05-26 08:00:00,24971.7,25009.2,24967.85,25001.2,0.0,GREEN,29.5
2025-05-26 08:15:00,25000.7,25013.35,24989.15,24989.15,0.0,RED,11.549999999999272
2025-05-26 08:30:00,24989.65,25004.1,24976.75,25001.0,0.0,GREEN,11.349999999998545
2025-05-26 08:45:00,24999.6,25001.15,24969.25,24985.1,0.0,RED,14.5
2025-05-26 09:00:00,24984.05,25004.85,24979.8,24993.95,0.0,GREEN,9.900000000001455
2025-05-26 09:15:00,24993.3,25013.45,24983.15,25004.6,0.0,GREEN,11.299999999999272
2025-05-26 09:30:00,25004.45,25019.65,24998.75,25004.45,0.0,DOJI,0.0
2025-05-26 09:45:00,25002.9,25006.8,24992.6,24996.35,0.0,RED,6.55000000000291
2025-05-26 10:00:00,24996.35,24996.35,24996.35,24996.35,0.0,DOJI,0.0
2025-05-27 03:45:00,24956.650390625,24976.099609375,24769.30078125,24790.45,0.0,RED,166.20039062499927
2025-05-27 04:00:00,24791.9,24841.65,24765.75,24825.7,0.0,GREEN,33.79999999999927
2025-05-27 04:15:00,24826.05,24827.35,24750.69921875,24760.4,0.0,RED,65.64999999999782
2025-05-27 04:30:00,24760.7,24791.45,24737.69921875,24777.1,0.0,GREEN,16.399999999997817
2025-05-27 04:45:00,24776.9,24779.75,24752.45,24755.7,0.0,RED,21.200000000000728
2025-05-27 05:00:00,24756.3,24798.85,24751.35,24761.3,0.0,GREEN,5.0
2025-05-27 05:15:00,24762.55,24803.25,24754.25,24779.7,0.0,GREEN,17.150000000001455
2025-05-27 05:30:00,24779.7,24960.2,24772.6,24877.65,0.0,GREEN,97.95000000000073
2025-05-27 05:45:00,24880.65,25013.650390625,24880.65,25012.55,0.0,GREEN,131.89999999999782
2025-05-27 06:00:00,25013.3,25062.900390625,24925.4,24968.95,0.0,RED,44.349999999998545
2025-05-27 06:15:00,24968.15,24977.05,24908.0,24948.05,0.0,RED,20.100000000002183
2025-05-27 06:30:00,24948.15,24971.1,24926.6,24957.45,0.0,GREEN,9.299999999999272
2025-05-27 06:45:00,24957.4,24962.75,24835.15,24856.3,0.0,RED,101.10000000000218
2025-05-27 07:00:00,24854.05,24888.7,24819.95,24860.4,0.0,GREEN,6.350000000002183
2025-05-27 07:15:00,24857.35,24881.3,24820.55,24824.25,0.0,RED,33.099999999998545
2025-05-27 07:30:00,24824.15,24837.1,24800.8,24829.85,0.0,GREEN,5.69999999999709
2025-05-27 07:45:00,24830.0,24848.25,24804.2,24824.85,0.0,RED,5.150000000001455
2025-05-27 08:00:00,24824.75,24849.3,24813.95,24847.4,0.0,GREEN,22.650000000001455
2025-05-27 08:15:00,24847.5,24871.85,24761.7,24764.35,0.0,RED,83.15000000000146
2025-05-27 08:30:00,24761.6,24787.45,24744.55,24767.6,0.0,GREEN,6.0
2025-05-27 08:45:00,24768.25,24779.95,24704.099609375,24731.35,0.0,RED,36.900000000001455
2025-05-27 09:00:00,24731.4,24784.95,24727.45,24780.65,0.0,GREEN,49.25
2025-05-27 09:15:00,24781.25,24817.7,24767.1,24817.7,0.0,GREEN,36.45000000000073
2025-05-27 09:30:00,24818.05,24842.7,24816.65,24831.8,0.0,GREEN,13.75
2025-05-27 09:45:00,24832.6,24843.3,24816.55,24837.7,0.0,GREEN,5.100000000002183
2025-05-28 03:45:00,24832.5,24864.25,24765.0,24769.15,0.0,RED,63.349999999998545
2025-05-28 04:00:00,24768.9,24807.25,24743.05078125,24807.25,0.0,GREEN,38.349999999998545
2025-05-28 04:15:00,24806.3,24814.8,24752.95,24782.15,0.0,RED,24.149999999997817
2025-05-28 04:30:00,24783.4,24784.65,24755.8,24760.5,0.0,RED,22.900000000001455
2025-05-28 04:45:00,24760.0,24772.5,24737.05078125,24750.5,0.0,RED,9.5
2025-05-28 05:00:00,24750.25,24767.5,24743.85,24752.7,0.0,GREEN,2.4500000000007276
2025-05-28 05:15:00,24752.1,24799.05,24751.65,24781.65,0.0,GREEN,29.55000000000291
2025-05-28 05:30:00,24781.5,24801.9,24758.45,24768.05,0.0,RED,13.450000000000728
2025-05-28 05:45:00,24767.75,24783.85,24753.75,24758.7,0.0,RED,9.049999999999272
2025-05-28 06:00:00,24759.6,24763.55,24746.35,24756.35,0.0,RED,3.25
2025-05-28 06:15:00,24756.35,24780.7,24752.25,24770.9,0.0,GREEN,14.55000000000291
2025-05-28 06:30:00,24770.85,24771.45,24754.5,24761.7,0.0,RED,9.149999999997817
2025-05-28 06:45:00,24762.2,24780.05,24759.05,24776.45,0.0,GREEN,14.25
2025-05-28 07:00:00,24776.1,24799.15,24775.3,24795.1,0.0,GREEN,19.0
2025-05-28 07:15:00,24795.25,24827.05,24789.3,24805.25,0.0,GREEN,10.0
2025-05-28 07:30:00,24804.4,24823.3,24789.7,24791.35,0.0,RED,13.05000000000291
2025-05-28 07:45:00,24791.1,24797.1,24774.05,24789.45,0.0,RED,1.6499999999978172
2025-05-28 08:00:00,24790.15,24796.85,24765.7,24776.7,0.0,RED,13.450000000000728
2025-05-28 08:15:00,24776.9,24781.45,24761.1,24773.3,0.0,RED,3.600000000002183
2025-05-28 08:30:00,24773.1,24795.2,24765.55,24788.55,0.0,GREEN,15.450000000000728
2025-05-28 08:45:00,24788.35,24798.0,24770.45,24771.7,0.0,RED,16.649999999997817
2025-05-28 09:00:00,24770.7,24792.95,24769.05,24782.0,0.0,GREEN,11.299999999999272
2025-05-28 09:15:00,24780.9,24786.1,24772.45,24774.05,0.0,RED,6.850000000002183
2025-05-28 09:30:00,24775.6,24780.5,24748.4,24748.5,0.0,RED,27.099999999998545
2025-05-28 09:45:00,24749.5,24757.45,24740.05,24757.15,0.0,GREEN,7.650000000001455
2025-05-29 03:45:00,24825.099609375,24889.69921875,24793.8,24800.05,0.0,RED,25.049609375000728
2025-05-29 04:00:00,24802.7,24826.65,24779.69921875,24808.75,0.0,GREEN,6.049999999999272
2025-05-29 04:15:00,24808.9,24810.25,24780.8,24804.05,0.0,RED,4.850000000002183
2025-05-29 04:30:00,24804.35,24848.05,24793.55,24801.75,0.0,RED,2.599999999998545
2025-05-29 04:45:00,24802.45,24806.15,24769.099609375,24771.15,0.0,RED,31.299999999999272
2025-05-29 05:00:00,24770.6,24770.6,24741.099609375,24743.2,0.0,RED,27.399999999997817
2025-05-29 05:15:00,24742.95,24768.05,24741.9,24743.95,0.0,GREEN,1.0
2025-05-29 05:30:00,24745.8,24756.5,24714.150390625,24723.55,0.0,RED,22.25
2025-05-29 05:45:00,24722.2,24735.75,24708.650390625,24728.95,0.0,GREEN,6.75
2025-05-29 06:00:00,24729.05,24748.3,24721.2,24732.6,0.0,GREEN,3.5499999999992724
2025-05-29 06:15:00,24732.2,24744.55,24728.4,24739.5,0.0,GREEN,7.299999999999272
2025-05-29 06:30:00,24738.4,24747.8,24730.55,24732.05,0.0,RED,6.350000000002183
2025-05-29 06:45:00,24732.0,24757.7,24727.15,24750.2,0.0,GREEN,18.200000000000728
2025-05-29 07:00:00,24749.9,24755.4,24677.30078125,24700.55,0.0,RED,49.35000000000218
2025-05-29 07:15:00,24700.25,24772.3,24697.2,24768.6,0.0,GREEN,68.34999999999854
2025-05-29 07:30:00,24769.75,24772.9,24741.3,24760.75,0.0,RED,9.0
2025-05-29 07:45:00,24760.35,24765.9,24742.8,24758.2,0.0,RED,2.149999999997817
2025-05-29 08:00:00,24758.25,24773.7,24748.45,24754.75,0.0,RED,3.5
2025-05-29 08:15:00,24754.1,24760.45,24739.85,24745.7,0.0,RED,8.399999999997817
2025-05-29 08:30:00,24745.55,24749.3,24717.8,24725.6,0.0,RED,19.950000000000728
2025-05-29 08:45:00,24725.6,24760.75,24718.05,24746.85,0.0,GREEN,21.25
2025-05-29 09:00:00,24746.85,24767.6,24743.85,24756.3,0.0,GREEN,9.450000000000728
2025-05-29 09:15:00,24755.95,24760.85,24738.35,24757.35,0.0,GREEN,1.3999999999978172
2025-05-29 09:30:00,24758.6,24853.75,24758.1,24850.75,0.0,GREEN,92.15000000000146
2025-05-29 09:45:00,24850.45,24892.599609375,24837.1,24880.85,0.0,GREEN,30.399999999997817
2025-05-30 03:45:00,24812.599609375,24862.900390625,24780.0,24848.0,0.0,GREEN,35.400390625
2025-05-30 04:00:00,24848.05,24863.94921875,24799.85,24819.1,0.0,RED,28.950000000000728
2025-05-30 04:15:00,24819.0,24833.55,24788.3,24807.55,0.0,RED,11.450000000000728
2025-05-30 04:30:00,24806.85,24808.8,24784.0,24794.75,0.0,RED,12.099999999998545
2025-05-30 04:45:00,24795.8,24795.8,24746.19921875,24761.9,0.0,RED,33.89999999999782
2025-05-30 05:00:00,24761.8,24761.9,24721.80078125,24737.6,0.0,RED,24.200000000000728
2025-05-30 05:15:00,24738.35,24756.45,24717.400390625,24751.25,0.0,GREEN,12.900000000001455
2025-05-30 05:30:00,24752.3,24772.3,24746.6,24754.3,0.0,GREEN,2.0
2025-05-30 05:45:00,24755.7,24783.15,24753.2,24774.15,0.0,GREEN,18.450000000000728
2025-05-30 06:00:00,24774.8,24787.95,24745.0,24745.4,0.0,RED,29.399999999997817
2025-05-30 06:15:00,24746.4,24768.4,24737.75,24755.1,0.0,GREEN,8.69999999999709
2025-05-30 06:30:00,24755.8,24756.35,24728.7,24741.8,0.0,RED,14.0
2025-05-30 06:45:00,24743.1,24756.8,24729.35,24749.85,0.0,GREEN,6.75
2025-05-30 07:00:00,24750.5,24751.45,24732.2,24737.15,0.0,RED,13.349999999998545
2025-05-30 07:15:00,24737.05,24761.35,24737.05,24755.3,0.0,GREEN,18.25
2025-05-30 07:30:00,24756.05,24768.9,24751.85,24758.6,0.0,GREEN,2.5499999999992724
2025-05-30 07:45:00,24758.55,24776.7,24750.75,24769.7,0.0,GREEN,11.150000000001455
2025-05-30 08:00:00,24770.15,24783.2,24769.4,24771.65,0.0,GREEN,1.5
2025-05-30 08:15:00,24771.55,24801.7,24762.4,24788.95,0.0,GREEN,17.400000000001455
2025-05-30 08:30:00,24788.75,24796.25,24753.6,24753.6,0.0,RED,35.150000000001455
2025-05-30 08:45:00,24753.75,24776.3,24751.1,24770.4,0.0,GREEN,16.650000000001455
2025-05-30 09:00:00,24770.65,24786.8,24766.75,24769.45,0.0,RED,1.2000000000007276
2025-05-30 09:15:00,24770.1,24778.55,24757.7,24764.4,0.0,RED,5.69999999999709
2025-05-30 09:30:00,24766.65,24784.1,24729.8,24751.65,0.0,RED,15.0
2025-05-30 09:45:00,24751.75,24757.15,24731.1,24736.65,0.0,RED,15.099999999998545
2025-06-02 03:45:00,24669.7,24717.55078125,24538.44921875,24564.95,0.0,RED,104.75
2025-06-02 04:00:00,24565.5,24591.2,24526.15,24571.0,0.0,GREEN,5.5
2025-06-02 04:15:00,24571.6,24601.1,24556.95,24598.2,0.0,GREEN,26.600000000002183
2025-06-02 04:30:00,24598.05,24606.8,24572.75,24581.95,0.0,RED,16.099999999998545
2025-06-02 04:45:00,24581.75,24591.4,24554.2,24588.95,0.0,GREEN,7.200000000000728
2025-06-02 05:00:00,24588.3,24633.35,24582.25,24629.35,0.0,GREEN,41.04999999999927
2025-06-02 05:15:00,24629.4,24638.85,24609.6,24617.3,0.0,RED,12.100000000002183
2025-06-02 05:30:00,24616.7,24634.15,24611.45,24623.15,0.0,GREEN,6.450000000000728
2025-06-02 05:45:00,24623.25,24657.85,24611.6,24630.9,0.0,GREEN,7.650000000001455
2025-06-02 06:00:00,24631.85,24639.2,24621.9,24625.5,0.0,RED,6.349999999998545
2025-06-02 06:15:00,24625.5,24652.3,24621.25,24651.1,0.0,GREEN,25.599999999998545
2025-06-02 06:30:00,24650.8,24673.25,24647.4,24665.95,0.0,GREEN,15.150000000001455
2025-06-02 06:45:00,24665.55,24688.7,24665.55,24671.5,0.0,GREEN,5.950000000000728
2025-06-02 07:00:00,24671.75,24739.75,24670.05,24723.65,0.0,GREEN,51.900000000001455
2025-06-02 07:15:00,24723.85,24737.05,24683.1,24684.75,0.0,RED,39.099999999998545
2025-06-02 07:30:00,24685.1,24716.15,24684.4,24702.45,0.0,GREEN,17.350000000002183
2025-06-02 07:45:00,24702.9,24721.7,24700.75,24706.85,0.0,GREEN,3.9499999999970896
2025-06-02 08:00:00,24707.1,24732.9,24698.5,24727.75,0.0,GREEN,20.650000000001455
2025-06-02 08:15:00,24728.25,24732.5,24697.95,24708.3,0.0,RED,19.950000000000728
2025-06-02 08:30:00,24708.45,24713.5,24682.15,24693.6,0.0,RED,14.850000000002183
2025-06-02 08:45:00,24693.85,24705.6,24681.55,24700.15,0.0,GREEN,6.30000000000291
2025-06-02 09:00:00,24700.35,24704.05,24654.8,24667.15,0.0,RED,33.19999999999709
2025-06-02 09:15:00,24667.65,24716.05,24656.75,24713.5,0.0,GREEN,45.849999999998545
2025-06-02 09:30:00,24714.25,24754.400390625,24712.75,24723.95,0.0,GREEN,9.700000000000728
2025-06-02 09:45:00,24724.0,24724.75,24666.6,24690.7,0.0,RED,33.29999999999927
2025-06-02 10:00:00,24690.35,24690.35,24690.35,24690.35,0.0,DOJI,0.0
2025-06-03 03:45:00,24786.30078125,24845.099609375,24647.150390625,24649.0,0.0,RED,137.30078125
2025-06-03 04:00:00,24647.9,24691.7,24601.30078125,24646.8,0.0,RED,1.1000000000021828
2025-06-03 04:15:00,24646.45,24685.5,24622.8,24630.15,0.0,RED,16.299999999999272
2025-06-03 04:30:00,24630.4,24667.05,24619.15,24661.7,0.0,GREEN,31.299999999999272
2025-06-03 04:45:00,24662.4,24766.45,24655.8,24719.95,0.0,GREEN,57.54999999999927
2025-06-03 05:00:00,24719.6,24748.05,24612.1,24642.85,0.0,RED,76.75
2025-06-03 05:15:00,24642.5,24664.75,24635.5,24637.7,0.0,RED,4.799999999999272
2025-06-03 05:30:00,24637.3,24647.45,24587.69921875,24590.2,0.0,RED,47.099999999998545
2025-06-03 05:45:00,24590.25,24618.95,24571.599609375,24618.3,0.0,GREEN,28.049999999999272
2025-06-03 06:00:00,24617.25,24662.6,24576.05,24594.25,0.0,RED,23.0
2025-06-03 06:15:00,24596.1,24632.15,24588.9,24623.45,0.0,GREEN,27.350000000002183
2025-06-03 06:30:00,24622.3,24641.8,24612.6,24615.35,0.0,RED,6.950000000000728
2025-06-03 06:45:00,24614.85,24614.85,24583.75,24606.25,0.0,RED,8.599999999998545
2025-06-03 07:00:00,24605.3,24648.95,24604.85,24628.15,0.0,GREEN,22.850000000002183
2025-06-03 07:15:00,24627.8,24628.7,24502.150390625,24530.5,0.0,RED,97.29999999999927
2025-06-03 07:30:00,24531.9,24545.85,24504.15,24541.45,0.0,GREEN,9.549999999999272
2025-06-03 07:45:00,24540.5,24557.25,24516.5,24540.4,0.0,RED,0.09999999999854481
2025-06-03 08:00:00,24541.3,24572.7,24536.25,24539.9,0.0,RED,1.3999999999978172
2025-06-03 08:15:00,24542.0,24569.65,24531.7,24568.35,0.0,GREEN,26.349999999998545
2025-06-03 08:30:00,24567.5,24579.55,24559.85,24577.15,0.0,GREEN,9.650000000001455
2025-06-03 08:45:00,24576.4,24585.85,24559.95,24562.35,0.0,RED,14.05000000000291
2025-06-03 09:00:00,24562.1,24601.7,24561.8,24586.05,0.0,GREEN,23.950000000000728
2025-06-03 09:15:00,24586.4,24588.65,24556.85,24567.45,0.0,RED,18.950000000000728
2025-06-03 09:30:00,24568.65,24575.05,24534.4,24535.2,0.0,RED,33.45000000000073
2025-06-03 09:45:00,24535.5,24550.65,24524.45,24538.4,0.0,GREEN,2.900000000001455
2025-06-04 03:45:00,24560.44921875,24612.75,24558.44921875,24573.15,0.0,GREEN,12.700781250001455
2025-06-04 04:00:00,24572.65,24581.15,24536.5,24553.85,0.0,RED,18.80000000000291
2025-06-04 04:15:00,24552.85,24575.85,24530.44921875,24575.1,0.0,GREEN,22.25
2025-06-04 04:30:00,24575.15,24591.1,24570.75,24578.75,0.0,GREEN,3.599999999998545
2025-06-04 04:45:00,24578.95,24596.85,24569.6,24581.2,0.0,GREEN,2.25
2025-06-04 05:00:00,24581.65,24609.6,24581.65,24600.8,0.0,GREEN,19.149999999997817
2025-06-04 05:15:00,24601.25,24603.8,24577.05,24589.0,0.0,RED,12.25
2025-06-04 05:30:00,24589.1,24593.55,24580.65,24581.55,0.0,RED,7.549999999999272
2025-06-04 05:45:00,24582.05,24598.15,24572.0,24590.4,0.0,GREEN,8.350000000002183
2025-06-04 06:00:00,24590.35,24601.55,24590.25,24592.7,0.0,GREEN,2.350000000002183
2025-06-04 06:15:00,24592.65,24595.05,24583.2,24594.35,0.0,GREEN,1.6999999999970896
2025-06-04 06:30:00,24594.55,24607.95,24588.0,24607.75,0.0,GREEN,13.200000000000728
2025-06-04 06:45:00,24607.5,24609.15,24592.85,24594.15,0.0,RED,13.349999999998545
2025-06-04 07:00:00,24594.3,24600.6,24582.2,24600.6,0.0,GREEN,6.299999999999272
2025-06-04 07:15:00,24600.3,24605.2,24593.05,24602.1,0.0,GREEN,1.7999999999992724
2025-06-04 07:30:00,24602.15,24620.099609375,24598.1,24600.25,0.0,RED,1.9000000000014552
2025-06-04 07:45:00,24600.4,24608.3,24588.8,24608.2,0.0,GREEN,7.799999999999272
2025-06-04 08:00:00,24608.05,24611.95,24601.05,24605.7,0.0,RED,2.349999999998545
2025-06-04 08:15:00,24605.75,24622.900390625,24603.25,24621.35,0.0,GREEN,15.599999999998545
2025-06-04 08:30:00,24621.95,24632.0,24610.9,24616.55,0.0,RED,5.400000000001455
2025-06-04 08:45:00,24616.55,24625.8,24608.65,24612.85,0.0,RED,3.7000000000007276
2025-06-04 09:00:00,24612.05,24622.9,24610.05,24615.15,0.0,GREEN,3.100000000002183
2025-06-04 09:15:00,24615.8,24631.5,24610.55,24628.9,0.0,GREEN,13.100000000002183
2025-06-04 09:30:00,24629.45,24644.25,24614.95,24616.9,0.0,RED,12.549999999999272
2025-06-04 09:45:00,24617.65,24622.05,24604.1,24612.0,0.0,RED,5.650000000001455
2025-06-05 03:45:00,24691.19921875,24717.05078125,24613.099609375,24715.5,0.0,GREEN,24.30078125
2025-06-05 04:00:00,24715.35,24753.099609375,24704.05,24747.15,0.0,GREEN,31.80000000000291
2025-06-05 04:15:00,24746.85,24761.5,24740.55,24749.2,0.0,GREEN,2.350000000002183
2025-06-05 04:30:00,24749.4,24757.4,24724.4,24732.25,0.0,RED,17.150000000001455
2025-06-05 04:45:00,24733.0,24741.15,24713.75,24723.85,0.0,RED,9.150000000001455
2025-06-05 05:00:00,24723.85,24734.85,24709.65,24718.35,0.0,RED,5.5
2025-06-05 05:15:00,24717.8,24723.5,24690.9,24704.55,0.0,RED,13.25
2025-06-05 05:30:00,24704.75,24715.1,24698.35,24708.8,0.0,GREEN,4.049999999999272
2025-06-05 05:45:00,24708.1,24754.2,24707.85,24736.95,0.0,GREEN,28.850000000002183
2025-06-05 06:00:00,24738.1,24739.9,24726.55,24728.75,0.0,RED,9.349999999998545
2025-06-05 06:15:00,24728.2,24743.5,24713.8,24742.05,0.0,GREEN,13.849999999998545
2025-06-05 06:30:00,24742.45,24874.900390625,24742.05,24869.55,0.0,GREEN,127.09999999999854
2025-06-05 06:45:00,24871.35,24899.849609375,24803.65,24822.1,0.0,RED,49.25
2025-06-05 07:00:00,24823.9,24837.45,24798.5,24817.95,0.0,RED,5.950000000000728
2025-06-05 07:15:00,24818.3,24831.6,24785.55,24796.35,0.0,RED,21.950000000000728
2025-06-05 07:30:00,24796.9,24822.55,24770.4,24776.95,0.0,RED,19.950000000000728
2025-06-05 07:45:00,24776.35,24790.2,24763.05,24768.9,0.0,RED,7.44999999999709
2025-06-05 08:00:00,24763.6,24763.6,24711.35,24730.6,0.0,RED,33.0
2025-06-05 08:15:00,24730.95,24758.45,24722.75,24732.6,0.0,GREEN,1.6499999999978172
2025-06-05 08:30:00,24732.35,24742.55,24693.1,24713.55,0.0,RED,18.799999999999272
2025-06-05 08:45:00,24713.8,24744.4,24701.1,24729.85,0.0,GREEN,16.049999999999272
2025-06-05 09:00:00,24731.8,24764.45,24712.9,24751.55,0.0,GREEN,19.75
2025-06-05 09:15:00,24750.35,24780.65,24738.05,24739.9,0.0,RED,10.44999999999709
2025-06-05 09:30:00,24742.8,24754.5,24727.1,24752.55,0.0,GREEN,9.75
2025-06-05 09:45:00,24752.85,24775.4,24745.45,24761.1,0.0,GREEN,8.25
2025-06-06 03:45:00,24748.69921875,24763.349609375,24723.25,24729.45,0.0,RED,19.249218749999272
2025-06-06 04:00:00,24728.75,24732.15,24685.400390625,24687.35,0.0,RED,41.400000000001455
2025-06-06 04:15:00,24687.55,24714.5,24681.05078125,24712.3,0.0,GREEN,24.75
2025-06-06 04:30:00,24713.25,24817.099609375,24671.44921875,24750.6,0.0,GREEN,37.349999999998545
2025-06-06 04:45:00,24750.25,24834.599609375,24735.75,24831.55,0.0,GREEN,81.29999999999927
2025-06-06 05:00:00,24832.4,24925.94921875,24829.05,24912.5,0.0,GREEN,80.09999999999854
2025-06-06 05:15:00,24912.55,24947.85,24909.4,24942.4,0.0,GREEN,29.850000000002183
2025-06-06 05:30:00,24942.15,24983.900390625,24942.15,24983.05,0.0,GREEN,40.89999999999782
2025-06-06 05:45:00,24982.65,24993.25,24960.55,24969.9,0.0,RED,12.75
2025-06-06 06:00:00,24970.25,25008.25,24969.9,25006.35,0.0,GREEN,36.099999999998545
2025-06-06 06:15:00,25006.6,25029.5,24993.4,25025.8,0.0,GREEN,19.200000000000728
2025-06-06 06:30:00,25026.85,25028.4,24996.6,24998.85,0.0,RED,28.0
2025-06-06 06:45:00,24998.55,24999.55,24967.05,24984.1,0.0,RED,14.450000000000728
2025-06-06 07:00:00,24984.6,24994.85,24966.0,24981.1,0.0,RED,3.5
2025-06-06 07:15:00,24981.7,24990.25,24977.6,24982.75,0.0,GREEN,1.0499999999992724
2025-06-06 07:30:00,24982.95,24991.05,24968.0,24969.05,0.0,RED,13.900000000001455
2025-06-06 07:45:00,24969.45,24981.1,24965.15,24973.9,0.0,GREEN,4.450000000000728
2025-06-06 08:00:00,24973.3,24997.7,24962.35,24981.75,0.0,GREEN,8.450000000000728
2025-06-06 08:15:00,24982.15,24994.25,24972.2,24990.25,0.0,GREEN,8.099999999998545
2025-06-06 08:30:00,24990.7,24994.5,24975.15,24990.0,0.0,RED,0.7000000000007276
2025-06-06 08:45:00,24989.7,25021.75,24989.4,25017.0,0.0,GREEN,27.299999999999272
2025-06-06 09:00:00,25017.6,25018.25,24986.25,24988.45,0.0,RED,29.149999999997817
2025-06-06 09:15:00,24988.85,25004.75,24983.2,24998.4,0.0,GREEN,9.55000000000291
2025-06-06 09:30:00,24999.6,25013.4,24994.3,25002.1,0.0,GREEN,2.5
2025-06-06 09:45:00,25002.1,25010.05,24992.65,25000.3,0.0,RED,1.7999999999992724
2025-06-09 03:45:00,25160.099609375,25160.099609375,25087.30078125,25095.35,0.0,RED,64.74960937500146
2025-06-09 04:00:00,25093.9,25110.9,25077.150390625,25108.4,0.0,GREEN,14.5
2025-06-09 04:15:00,25109.25,25116.0,25089.4,25100.9,0.0,RED,8.349999999998545
2025-06-09 04:30:00,25101.5,25124.35,25094.65,25119.15,0.0,GREEN,17.650000000001455
2025-06-09 04:45:00,25119.8,25129.4,25110.0,25123.65,0.0,GREEN,3.850000000002183
2025-06-09 05:00:00,25123.55,25134.9,25118.3,25134.45,0.0,GREEN,10.900000000001455
2025-06-09 05:15:00,25135.35,25141.3,25128.8,25128.95,0.0,RED,6.399999999997817
2025-06-09 05:30:00,25128.85,25142.7,25121.6,25121.6,0.0,RED,7.25
2025-06-09 05:45:00,25121.1,25128.2,25109.25,25109.75,0.0,RED,11.349999999998545
2025-06-09 06:00:00,25109.3,25128.1,25107.4,25112.25,0.0,GREEN,2.9500000000007276
2025-06-09 06:15:00,25112.95,25114.8,25103.35,25112.2,0.0,RED,0.75
2025-06-09 06:30:00,25112.2,25118.65,25102.3,25116.55,0.0,GREEN,4.349999999998545
2025-06-09 06:45:00,25116.3,25118.75,25104.95,25116.4,0.0,GREEN,0.10000000000218279
2025-06-09 07:00:00,25117.15,25127.85,25114.5,25117.25,0.0,GREEN,0.09999999999854481
2025-06-09 07:15:00,25117.45,25118.4,25104.2,25107.55,0.0,RED,9.900000000001455
2025-06-09 07:30:00,25108.3,25111.75,25103.45,25109.1,0.0,GREEN,0.7999999999992724
2025-06-09 07:45:00,25109.3,25117.1,25098.45,25106.15,0.0,RED,3.149999999997817
2025-06-09 08:00:00,25106.6,25113.1,25098.6,25109.75,0.0,GREEN,3.150000000001455
2025-06-09 08:15:00,25110.25,25116.05,25104.65,25109.3,0.0,RED,0.9500000000007276
2025-06-09 08:30:00,25109.6,25112.45,25088.35,25090.4,0.0,RED,19.19999999999709
2025-06-09 08:45:00,25090.7,25102.2,25083.5,25096.2,0.0,GREEN,5.5
2025-06-09 09:00:00,25096.65,25107.25,25096.65,25102.35,0.0,GREEN,5.69999999999709
2025-06-09 09:15:00,25102.0,25104.45,25092.35,25098.25,0.0,RED,3.75
2025-06-09 09:30:00,25098.7,25106.45,25095.8,25103.2,0.0,GREEN,4.5
2025-06-09 09:45:00,25103.1,25110.95,25099.4,25103.1,0.0,DOJI,0.0
2025-06-10 03:45:00,25196.05078125,25199.30078125,25085.400390625,25089.25,0.0,RED,106.80078125
2025-06-10 04:00:00,25087.75,25130.9,25055.44921875,25109.05,0.0,GREEN,21.299999999999272
2025-06-10 04:15:00,25108.2,25142.0,25103.6,25127.9,0.0,GREEN,19.700000000000728
2025-06-10 04:30:00,25127.6,25157.95,25127.1,25156.9,0.0,GREEN,29.30000000000291
2025-06-10 04:45:00,25156.5,25163.75,25133.2,25134.8,0.0,RED,21.700000000000728
2025-06-10 05:00:00,25134.55,25153.8,25127.55,25149.2,0.0,GREEN,14.650000000001455
2025-06-10 05:15:00,25148.75,25150.4,25099.8,25112.6,0.0,RED,36.150000000001455
2025-06-10 05:30:00,25112.3,25129.1,25109.65,25127.7,0.0,GREEN,15.400000000001455
2025-06-10 05:45:00,25127.8,25131.5,25115.5,25126.0,0.0,RED,1.7999999999992724
2025-06-10 06:00:00,25126.15,25136.65,25124.5,25134.8,0.0,GREEN,8.649999999997817
2025-06-10 06:15:00,25134.8,25147.45,25134.1,25145.7,0.0,GREEN,10.900000000001455
2025-06-10 06:30:00,25145.85,25150.5,25132.4,25133.5,0.0,RED,12.349999999998545
2025-06-10 06:45:00,25133.5,25135.6,25120.0,25122.85,0.0,RED,10.650000000001455
2025-06-10 07:00:00,25122.8,25138.65,25121.2,25136.5,0.0,GREEN,13.700000000000728
2025-06-10 07:15:00,25136.05,25139.35,25129.0,25137.3,0.0,GREEN,1.25
2025-06-10 07:30:00,25137.5,25142.75,25125.5,25130.5,0.0,RED,7.0
2025-06-10 07:45:00,25127.65,25133.85,25121.15,25130.1,0.0,GREEN,2.4499999999970896
2025-06-10 08:00:00,25130.7,25140.85,25127.05,25129.15,0.0,RED,1.5499999999992724
2025-06-10 08:15:00,25128.9,25137.1,25123.75,25127.35,0.0,RED,1.5500000000029104
2025-06-10 08:30:00,25126.7,25132.65,25121.7,25127.55,0.0,GREEN,0.8499999999985448
2025-06-10 08:45:00,25126.4,25129.25,25117.95,25123.9,0.0,RED,2.5
2025-06-10 09:00:00,25123.25,25127.25,25104.35,25112.8,0.0,RED,10.450000000000728
2025-06-10 09:15:00,25112.9,25119.3,25098.7,25102.4,0.0,RED,10.5
2025-06-10 09:30:00,25102.5,25122.5,25086.15,25104.7,0.0,GREEN,2.2000000000007276
2025-06-10 09:45:00,25103.95,25111.8,25087.7,25091.5,0.0,RED,12.450000000000728
2025-06-11 03:45:00,25134.150390625,25137.55078125,25081.30078125,25136.65,0.0,GREEN,2.499609375001455
2025-06-11 04:00:00,25135.95,25150.400390625,25115.85,25126.2,0.0,RED,9.75
2025-06-11 04:15:00,25125.8,25148.25,25112.45,25145.7,0.0,GREEN,19.900000000001455
2025-06-11 04:30:00,25145.65,25158.94921875,25144.35,25146.35,0.0,GREEN,0.6999999999970896
2025-06-11 04:45:00,25147.15,25154.25,25132.4,25138.85,0.0,RED,8.30000000000291
2025-06-11 05:00:00,25138.85,25173.75,25135.25,25173.3,0.0,GREEN,34.45000000000073
2025-06-11 05:15:00,25173.15,25188.85,25168.4,25173.9,0.0,GREEN,0.75
2025-06-11 05:30:00,25174.25,25183.75,25167.3,25180.8,0.0,GREEN,6.549999999999272
2025-06-11 05:45:00,25180.45,25203.94921875,25179.25,25186.2,0.0,GREEN,5.75
2025-06-11 06:00:00,25185.75,25193.75,25185.5,25187.8,0.0,GREEN,2.0499999999992724
2025-06-11 06:15:00,25187.55,25215.94921875,25184.55,25210.55,0.0,GREEN,23.0
2025-06-11 06:30:00,25210.15,25213.25,25204.05,25205.95,0.0,RED,4.200000000000728
2025-06-11 06:45:00,25206.2,25220.400390625,25201.5,25206.05,0.0,RED,0.1500000000014552
2025-06-11 07:00:00,25205.75,25207.1,25186.3,25199.55,0.0,RED,6.200000000000728
2025-06-11 07:15:00,25198.8,25222.400390625,25196.85,25214.75,0.0,GREEN,15.950000000000728
2025-06-11 07:30:00,25215.05,25220.1,25207.25,25208.05,0.0,RED,7.0
2025-06-11 07:45:00,25207.95,25214.2,25171.4,25171.65,0.0,RED,36.29999999999927
2025-06-11 08:00:00,25171.4,25173.8,25155.3,25155.65,0.0,RED,15.75
2025-06-11 08:15:00,25155.25,25155.25,25108.15,25145.7,0.0,RED,9.549999999999272
2025-06-11 08:30:00,25144.85,25144.85,25116.25,25127.85,0.0,RED,17.0
2025-06-11 08:45:00,25127.3,25153.3,25125.8,25142.6,0.0,GREEN,15.299999999999272
2025-06-11 09:00:00,25142.4,25146.85,25130.6,25135.2,0.0,RED,7.200000000000728
2025-06-11 09:15:00,25134.65,25157.6,25132.4,25144.9,0.0,GREEN,10.25
2025-06-11 09:30:00,25144.6,25154.85,25140.25,25144.95,0.0,GREEN,0.3500000000021828
2025-06-11 09:45:00,25145.0,25146.7,25124.95,25126.8,0.0,RED,18.200000000000728
2025-06-12 03:45:00,25164.44921875,25180.099609375,25117.599609375,25173.7,0.0,GREEN,9.250781250000728
2025-06-12 04:00:00,25173.65,25196.19921875,25099.94921875,25103.5,0.0,RED,70.15000000000146
2025-06-12 04:15:00,25103.45,25126.55,25083.44921875,25093.25,0.0,RED,10.200000000000728
2025-06-12 04:30:00,25093.2,25108.3,25064.80078125,25096.8,0.0,GREEN,3.599999999998545
2025-06-12 04:45:00,25096.6,25111.7,25073.05,25103.8,0.0,GREEN,7.200000000000728
2025-06-12 05:00:00,25104.0,25115.75,25041.55078125,25044.65,0.0,RED,59.349999999998545
2025-06-12 05:15:00,25043.7,25065.15,25042.85,25054.5,0.0,GREEN,10.799999999999272
2025-06-12 05:30:00,25054.75,25062.9,25037.55078125,25046.15,0.0,RED,8.599999999998545
2025-06-12 05:45:00,25045.85,25092.75,25039.7,25077.65,0.0,GREEN,31.80000000000291
2025-06-12 06:00:00,25078.25,25078.95,25020.4,25035.6,0.0,RED,42.650000000001455
2025-06-12 06:15:00,25035.65,25044.1,25029.05,25029.95,0.0,RED,5.700000000000728
2025-06-12 06:30:00,25029.15,25042.35,25009.349609375,25039.15,0.0,GREEN,10.0
2025-06-12 06:45:00,25039.35,25049.15,25033.15,25035.25,0.0,RED,4.099999999998545
2025-06-12 07:00:00,25035.35,25062.8,25035.05,25057.2,0.0,GREEN,21.850000000002183
2025-06-12 07:15:00,25057.45,25074.5,25034.5,25040.6,0.0,RED,16.850000000002183
2025-06-12 07:30:00,25040.95,25043.2,25021.65,25041.1,0.0,GREEN,0.1499999999978172
2025-06-12 07:45:00,25041.2,25045.45,24977.400390625,24980.85,0.0,RED,60.35000000000218
2025-06-12 08:00:00,24978.85,24984.8,24906.80078125,24911.9,0.0,RED,66.94999999999709
2025-06-12 08:15:00,24912.75,24926.6,24871.0,24889.3,0.0,RED,23.450000000000728
2025-06-12 08:30:00,24890.6,24892.9,24825.900390625,24847.4,0.0,RED,43.19999999999709
2025-06-12 08:45:00,24847.55,24894.75,24844.5,24862.9,0.0,GREEN,15.350000000002183
2025-06-12 09:00:00,24863.75,24912.5,24863.75,24891.7,0.0,GREEN,27.950000000000728
2025-06-12 09:15:00,24891.65,24913.15,24884.95,24907.0,0.0,GREEN,15.349999999998545
2025-06-12 09:30:00,24906.9,24920.95,24884.6,24887.55,0.0,RED,19.350000000002183
2025-06-12 09:45:00,24887.35,24887.35,24850.8,24856.0,0.0,RED,31.349999999998545
2025-06-13 03:45:00,24473.0,24653.150390625,24473.0,24644.25,0.0,GREEN,171.25
2025-06-13 04:00:00,24641.9,24641.9,24583.05,24621.2,0.0,RED,20.700000000000728
2025-06-13 04:15:00,24620.35,24647.15,24593.45,24641.9,0.0,GREEN,21.55000000000291
2025-06-13 04:30:00,24641.2,24654.80078125,24614.25,24644.15,0.0,GREEN,2.9500000000007276
2025-06-13 04:45:00,24642.5,24675.349609375,24625.2,24672.25,0.0,GREEN,29.75
2025-06-13 05:00:00,24671.9,24684.150390625,24661.3,24673.95,0.0,GREEN,2.0499999999992724
2025-06-13 05:15:00,24671.85,24692.44921875,24668.25,24671.55,0.0,RED,0.2999999999992724
2025-06-13 05:30:00,24671.4,24692.5,24650.45,24653.75,0.0,RED,17.650000000001455
2025-06-13 05:45:00,24652.75,24667.05,24639.75,24663.15,0.0,GREEN,10.400000000001455
2025-06-13 06:00:00,24661.5,24693.75,24661.3,24679.3,0.0,GREEN,17.799999999999272
2025-06-13 06:15:00,24678.7,24689.6,24673.15,24684.65,0.0,GREEN,5.950000000000728
2025-06-13 06:30:00,24684.0,24702.099609375,24683.35,24688.95,0.0,GREEN,4.950000000000728
2025-06-13 06:45:00,24688.8,24724.599609375,24688.8,24706.45,0.0,GREEN,17.650000000001455
2025-06-13 07:00:00,24704.35,24711.05,24687.45,24690.8,0.0,RED,13.549999999999272
2025-06-13 07:15:00,24688.5,24695.8,24675.9,24682.45,0.0,RED,6.049999999999272
2025-06-13 07:30:00,24678.0,24687.2,24674.45,24686.0,0.0,GREEN,8.0
2025-06-13 07:45:00,24685.2,24700.3,24680.65,24691.65,0.0,GREEN,6.450000000000728
2025-06-13 08:00:00,24689.25,24736.900390625,24689.25,24735.05,0.0,GREEN,45.79999999999927
2025-06-13 08:15:00,24733.6,24754.349609375,24706.0,24712.6,0.0,RED,21.0
2025-06-13 08:30:00,24711.8,24728.85,24704.8,24715.85,0.0,GREEN,4.049999999999272
2025-06-13 08:45:00,24714.35,24718.05,24705.3,24712.75,0.0,RED,1.5999999999985448
2025-06-13 09:00:00,24713.5,24724.9,24686.35,24687.65,0.0,RED,25.849999999998545
2025-06-13 09:15:00,24687.85,24700.55,24650.9,24663.95,0.0,RED,23.899999999997817
2025-06-13 09:30:00,24664.25,24728.45,24662.75,24725.6,0.0,GREEN,61.349999999998545
2025-06-13 09:45:00,24725.15,24744.95,24709.75,24735.55,0.0,GREEN,10.399999999997817
2025-06-16 03:45:00,24732.349609375,24817.650390625,24703.599609375,24785.6,0.0,GREEN,53.250390624998545
2025-06-16 04:00:00,24786.5,24791.65,24749.25,24765.0,0.0,RED,21.5
2025-06-16 04:15:00,24767.3,24767.3,24706.15,24737.25,0.0,RED,30.049999999999272
2025-06-16 04:30:00,24736.85,24771.95,24726.05,24763.7,0.0,GREEN,26.850000000002183
2025-06-16 04:45:00,24763.6,24832.44921875,24763.25,24825.95,0.0,GREEN,62.35000000000218
2025-06-16 05:00:00,24827.5,24870.400390625,24825.85,24869.7,0.0,GREEN,42.20000000000073
2025-06-16 05:15:00,24872.2,24890.7,24859.3,24875.9,0.0,GREEN,3.7000000000007276
2025-06-16 05:30:00,24876.2,24930.650390625,24876.2,24906.75,0.0,GREEN,30.549999999999272
2025-06-16 05:45:00,24906.75,24912.3,24874.25,24884.15,0.0,RED,22.599999999998545
2025-06-16 06:00:00,24884.0,24912.8,24883.45,24908.85,0.0,GREEN,24.849999999998545
2025-06-16 06:15:00,24909.35,24925.05,24890.1,24892.2,0.0,RED,17.149999999997817
2025-06-16 06:30:00,24892.25,24918.05,24889.6,24916.9,0.0,GREEN,24.650000000001455
2025-06-16 06:45:00,24917.3,24918.55,24891.65,24893.0,0.0,RED,24.299999999999272
2025-06-16 07:00:00,24892.0,24953.05078125,24892.0,24940.6,0.0,GREEN,48.599999999998545
2025-06-16 07:15:00,24941.25,24948.15,24915.3,24921.5,0.0,RED,19.75
2025-06-16 07:30:00,24922.0,24941.7,24922.0,24934.4,0.0,GREEN,12.400000000001455
2025-06-16 07:45:00,24934.35,24947.95,24929.6,24941.3,0.0,GREEN,6.950000000000728
2025-06-16 08:00:00,24941.1,24966.650390625,24933.7,24947.9,0.0,GREEN,6.80000000000291
2025-06-16 08:15:00,24947.6,24951.65,24927.65,24937.9,0.0,RED,9.69999999999709
2025-06-16 08:30:00,24938.8,24967.099609375,24938.8,24961.5,0.0,GREEN,22.700000000000728
2025-06-16 08:45:00,24961.65,24965.75,24939.25,24941.4,0.0,RED,20.25
2025-06-16 09:00:00,24941.5,24946.5,24928.5,24936.7,0.0,RED,4.799999999999272
2025-06-16 09:15:00,24935.85,24944.7,24929.25,24942.45,0.0,GREEN,6.600000000002183
2025-06-16 09:30:00,24944.15,24952.2,24934.35,24950.7,0.0,GREEN,6.549999999999272
2025-06-16 09:45:00,24951.55,24957.95,24936.45,24940.95,0.0,RED,10.599999999998545
2025-06-17 03:45:00,24977.849609375,24982.05078125,24867.94921875,24882.6,0.0,RED,95.24960937500146
2025-06-17 04:00:00,24882.7,24917.15,24862.099609375,24880.4,0.0,RED,2.2999999999992724
2025-06-17 04:15:00,24880.9,24884.75,24857.94921875,24874.4,0.0,RED,6.5
2025-06-17 04:30:00,24874.35,24877.35,24846.44921875,24851.7,0.0,RED,22.649999999997817
2025-06-17 04:45:00,24851.75,24884.3,24850.25,24872.25,0.0,GREEN,20.5
2025-06-17 05:00:00,24871.85,24908.4,24868.3,24900.45,0.0,GREEN,28.600000000002183
2025-06-17 05:15:00,24900.7,24901.3,24869.8,24875.85,0.0,RED,24.850000000002183
2025-06-17 05:30:00,24875.8,24879.25,24866.7,24878.8,0.0,GREEN,3.0
2025-06-17 05:45:00,24878.8,24890.7,24868.65,24889.95,0.0,GREEN,11.150000000001455
2025-06-17 06:00:00,24890.2,24899.85,24883.45,24894.95,0.0,GREEN,4.75
2025-06-17 06:15:00,24894.55,24896.6,24864.65,24867.25,0.0,RED,27.299999999999272
2025-06-17 06:30:00,24866.65,24872.65,24854.0,24855.7,0.0,RED,10.950000000000728
2025-06-17 06:45:00,24855.05,24862.4,24846.8,24857.85,0.0,GREEN,2.7999999999992724
2025-06-17 07:00:00,24857.4,24864.05,24841.349609375,24844.1,0.0,RED,13.30000000000291
2025-06-17 07:15:00,24843.4,24849.95,24813.69921875,24827.9,0.0,RED,15.5
2025-06-17 07:30:00,24827.9,24841.4,24821.05,24839.45,0.0,GREEN,11.549999999999272
2025-06-17 07:45:00,24839.8,24846.15,24830.6,24839.2,0.0,RED,0.5999999999985448
2025-06-17 08:00:00,24839.55,24852.7,24838.35,24849.2,0.0,GREEN,9.650000000001455
2025-06-17 08:15:00,24848.95,24856.95,24839.55,24849.2,0.0,GREEN,0.25
2025-06-17 08:30:00,24849.15,24866.25,24845.6,24862.35,0.0,GREEN,13.19999999999709
2025-06-17 08:45:00,24862.25,24869.25,24857.75,24861.05,0.0,RED,1.2000000000007276
2025-06-17 09:00:00,24861.25,24867.8,24836.75,24852.0,0.0,RED,9.25
2025-06-17 09:15:00,24852.4,24861.8,24843.05,24852.05,0.0,RED,0.3500000000021828
2025-06-17 09:30:00,24852.3,24867.35,24841.4,24862.4,0.0,GREEN,10.100000000002183
2025-06-17 09:45:00,24859.5,24868.45,24833.85,24841.5,0.0,RED,18.0
2025-06-18 03:45:00,24788.349609375,24900.30078125,24776.900390625,24897.2,0.0,GREEN,108.85039062500073
2025-06-18 04:00:00,24897.05,24944.44921875,24893.8,24937.8,0.0,GREEN,40.75
2025-06-18 04:15:00,24937.0,24947.55078125,24902.25,24902.25,0.0,RED,34.75
2025-06-18 04:30:00,24902.75,24923.65,24901.65,24916.95,0.0,GREEN,14.200000000000728
2025-06-18 04:45:00,24917.25,24928.85,24874.2,24882.75,0.0,RED,34.5
2025-06-18 05:00:00,24882.15,24884.8,24842.45,24871.5,0.0,RED,10.650000000001455
2025-06-18 05:15:00,24871.75,24872.15,24827.15,24847.0,0.0,RED,24.75
2025-06-18 05:30:00,24846.55,24847.7,24826.0,24837.95,0.0,RED,8.599999999998545
2025-06-18 05:45:00,24837.8,24837.8,24805.45,24807.8,0.0,RED,30.0
2025-06-18 06:00:00,24806.65,24807.4,24766.900390625,24804.75,0.0,RED,1.9000000000014552
2025-06-18 06:15:00,24805.75,24806.85,24776.8,24779.45,0.0,RED,26.299999999999272
2025-06-18 06:30:00,24779.05,24821.75,24778.5,24816.35,0.0,GREEN,37.29999999999927
2025-06-18 06:45:00,24815.8,24817.5,24780.9,24791.45,0.0,RED,24.349999999998545
2025-06-18 07:00:00,24791.05,24797.2,24781.6,24782.3,0.0,RED,8.75
2025-06-18 07:15:00,24782.3,24787.35,24760.65,24775.4,0.0,RED,6.899999999997817
2025-06-18 07:30:00,24775.4,24803.3,24769.2,24800.5,0.0,GREEN,25.099999999998545
2025-06-18 07:45:00,24799.85,24803.8,24789.7,24801.9,0.0,GREEN,2.0500000000029104
2025-06-18 08:00:00,24800.9,24814.95,24790.3,24790.75,0.0,RED,10.150000000001455
2025-06-18 08:15:00,24791.3,24795.15,24765.6,24779.6,0.0,RED,11.700000000000728
2025-06-18 08:30:00,24781.05,24782.75,24769.7,24776.9,0.0,RED,4.149999999997817
2025-06-18 08:45:00,24777.2,24779.5,24750.44921875,24766.2,0.0,RED,11.0
2025-06-18 09:00:00,24765.8,24797.35,24765.8,24787.05,0.0,GREEN,21.25
2025-06-18 09:15:00,24787.7,24820.75,24783.9,24816.15,0.0,GREEN,28.450000000000728
2025-06-18 09:30:00,24815.2,24829.65,24805.2,24813.05,0.0,RED,2.150000000001455
2025-06-18 09:45:00,24813.25,24823.3,24794.95,24798.75,0.0,RED,14.5
2025-06-19 03:45:00,24803.25,24825.25,24738.099609375,24816.05,0.0,GREEN,12.799999999999272
2025-06-19 04:00:00,24816.3,24842.0,24800.4,24839.6,0.0,GREEN,23.299999999999272
2025-06-19 04:15:00,24840.7,24863.099609375,24812.95,24842.35,0.0,GREEN,1.6499999999978172
2025-06-19 04:30:00,24841.65,24843.45,24815.0,24833.2,0.0,RED,8.450000000000728
2025-06-19 04:45:00,24832.4,24839.5,24825.7,24833.55,0.0,GREEN,1.1499999999978172
2025-06-19 05:00:00,24833.85,24838.3,24796.45,24813.05,0.0,RED,20.799999999999272
2025-06-19 05:15:00,24813.35,24824.65,24808.8,24811.45,0.0,RED,1.8999999999978172
2025-06-19 05:30:00,24811.5,24816.6,24802.45,24814.55,0.0,GREEN,3.0499999999992724
2025-06-19 05:45:00,24814.3,24815.65,24791.25,24803.25,0.0,RED,11.049999999999272
2025-06-19 06:00:00,24804.55,24816.45,24795.05,24799.5,0.0,RED,5.049999999999272
2025-06-19 06:15:00,24799.5,24808.2,24798.2,24804.7,0.0,GREEN,5.200000000000728
2025-06-19 06:30:00,24804.95,24822.2,24797.75,24811.8,0.0,GREEN,6.849999999998545
2025-06-19 06:45:00,24811.85,24813.75,24801.55,24804.95,0.0,RED,6.899999999997817
2025-06-19 07:00:00,24805.65,24807.6,24786.8,24792.6,0.0,RED,13.05000000000291
2025-06-19 07:15:00,24792.65,24793.7,24772.2,24789.85,0.0,RED,2.8000000000029104
2025-06-19 07:30:00,24789.3,24807.7,24781.95,24794.55,0.0,GREEN,5.25
2025-06-19 07:45:00,24794.4,24795.6,24783.1,24785.05,0.0,RED,9.350000000002183
2025-06-19 08:00:00,24785.25,24801.85,24780.55,24789.2,0.0,GREEN,3.9500000000007276
2025-06-19 08:15:00,24789.0,24811.65,24786.7,24811.3,0.0,GREEN,22.299999999999272
2025-06-19 08:30:00,24811.8,24842.0,24811.55,24832.4,0.0,GREEN,20.600000000002183
2025-06-19 08:45:00,24833.3,24849.85,24812.55,24817.2,0.0,RED,16.099999999998545
2025-06-19 09:00:00,24816.65,24829.7,24787.75,24804.7,0.0,RED,11.950000000000728
2025-06-19 09:15:00,24804.4,24817.9,24801.6,24810.5,0.0,GREEN,6.099999999998545
2025-06-19 09:30:00,24810.55,24811.5,24789.75,24791.75,0.0,RED,18.799999999999272
2025-06-19 09:45:00,24791.45,24805.15,24733.400390625,24744.7,0.0,RED,46.75
2025-06-20 03:45:00,24787.650390625,24881.5,24783.650390625,24830.2,0.0,GREEN,42.54960937500073
2025-06-20 04:00:00,24831.6,24874.35,24818.2,24874.35,0.0,GREEN,42.75
2025-06-20 04:15:00,24874.25,24900.25,24853.0,24865.15,0.0,RED,9.099999999998545
2025-06-20 04:30:00,24864.35,24919.150390625,24861.0,24919.05,0.0,GREEN,54.70000000000073
2025-06-20 04:45:00,24918.85,25018.69921875,24918.85,25008.95,0.0,GREEN,90.10000000000218
2025-06-20 05:00:00,25009.95,25040.44921875,24996.5,25001.6,0.0,RED,8.350000000002183
2025-06-20 05:15:00,25002.95,25024.65,24991.4,24994.95,0.0,RED,8.0
2025-06-20 05:30:00,24994.85,25017.4,24994.85,25016.55,0.0,GREEN,21.700000000000728
2025-06-20 05:45:00,25016.65,25019.8,25004.0,25004.0,0.0,RED,12.650000000001455
2025-06-20 06:00:00,25003.3,25045.0,25002.9,25019.4,0.0,GREEN,16.100000000002183
2025-06-20 06:15:00,25019.05,25044.25,25017.75,25029.75,0.0,GREEN,10.700000000000728
2025-06-20 06:30:00,25029.85,25043.2,25022.35,25040.1,0.0,GREEN,10.25
2025-06-20 06:45:00,25039.75,25042.5,24979.85,24981.95,0.0,RED,57.79999999999927
2025-06-20 07:00:00,24981.25,25002.25,24964.05,25000.9,0.0,GREEN,19.650000000001455
2025-06-20 07:15:00,25000.2,25033.2,24997.85,25022.5,0.0,GREEN,22.299999999999272
2025-06-20 07:30:00,25021.95,25047.75,25017.65,25038.25,0.0,GREEN,16.299999999999272
2025-06-20 07:45:00,25038.9,25078.349609375,25037.2,25067.2,0.0,GREEN,28.299999999999272
2025-06-20 08:00:00,25067.3,25073.65,25034.55,25047.55,0.0,RED,19.75
2025-06-20 08:15:00,25047.75,25060.95,25035.7,25038.75,0.0,RED,9.0
2025-06-20 08:30:00,25038.45,25054.1,25037.6,25049.65,0.0,GREEN,11.200000000000728
2025-06-20 08:45:00,25050.45,25061.2,25035.65,25036.5,0.0,RED,13.950000000000728
2025-06-20 09:00:00,25036.5,25051.55,25031.4,25046.05,0.0,GREEN,9.549999999999272
2025-06-20 09:15:00,25045.3,25052.9,25031.75,25046.05,0.0,GREEN,0.75
2025-06-20 09:30:00,25046.5,25132.80078125,25039.85,25116.6,0.0,GREEN,70.09999999999854
2025-06-20 09:45:00,25116.05,25136.19921875,25072.8,25079.75,0.0,RED,36.29999999999927
2025-06-23 03:45:00,24939.75,24988.099609375,24891.0,24908.25,0.0,RED,31.5
2025-06-23 04:00:00,24908.9,24916.7,24858.75,24871.3,0.0,RED,37.60000000000218
2025-06-23 04:15:00,24871.3,24878.35,24834.55078125,24853.65,0.0,RED,17.649999999997817
2025-06-23 04:30:00,24853.65,24864.0,24824.849609375,24863.1,0.0,GREEN,9.44999999999709
2025-06-23 04:45:00,24863.4,24894.3,24856.75,24893.75,0.0,GREEN,30.349999999998545
2025-06-23 05:00:00,24893.3,24925.1,24885.55,24919.75,0.0,GREEN,26.450000000000728
2025-06-23 05:15:00,24920.1,24939.05,24908.4,24918.5,0.0,RED,1.5999999999985448
2025-06-23 05:30:00,24918.05,24933.4,24902.6,24928.55,0.0,GREEN,10.5
2025-06-23 05:45:00,24929.45,24949.15,24920.35,24945.95,0.0,GREEN,16.5
2025-06-23 06:00:00,24945.15,24968.8,24944.95,24963.05,0.0,GREEN,17.899999999997817
2025-06-23 06:15:00,24962.35,24963.4,24928.8,24935.65,0.0,RED,26.69999999999709
2025-06-23 06:30:00,24934.8,24952.3,24932.3,24941.9,0.0,GREEN,7.100000000002183
2025-06-23 06:45:00,24941.6,24955.9,24939.6,24943.9,0.0,GREEN,2.3000000000029104
2025-06-23 07:00:00,24943.25,24963.2,24938.3,24961.1,0.0,GREEN,17.849999999998545
2025-06-23 07:15:00,24960.85,24964.15,24942.1,24950.0,0.0,RED,10.849999999998545
2025-06-23 07:30:00,24948.85,24963.55,24945.4,24963.55,0.0,GREEN,14.700000000000728
2025-06-23 07:45:00,24962.4,25039.69921875,24961.8,25030.4,0.0,GREEN,68.0
2025-06-23 08:00:00,25028.9,25046.05078125,25018.2,25021.45,0.0,RED,7.450000000000728
2025-06-23 08:15:00,25020.45,25028.05,25013.35,25019.35,0.0,RED,1.1000000000021828
2025-06-23 08:30:00,25018.85,25057.0,25010.5,25015.1,0.0,RED,3.75
2025-06-23 08:45:00,25013.6,25018.6,24984.3,24999.85,0.0,RED,13.75
2025-06-23 09:00:00,24999.25,24999.25,24978.0,24985.5,0.0,RED,13.75
2025-06-23 09:15:00,24985.25,24991.2,24972.5,24987.05,0.0,GREEN,1.7999999999992724
2025-06-23 09:30:00,24987.8,24994.8,24976.85,24979.9,0.0,RED,7.899999999997817
2025-06-23 09:45:00,24980.6,24986.0,24951.7,24958.9,0.0,RED,21.69999999999709
2025-06-24 03:45:00,25179.900390625,25250.849609375,25150.0,25199.5,0.0,GREEN,19.599609375
2025-06-24 04:00:00,25199.9,25210.7,25140.25,25176.3,0.0,RED,23.600000000002183
2025-06-24 04:15:00,25176.4,25209.85,25118.5,25193.0,0.0,GREEN,16.599999999998545
2025-06-24 04:30:00,25193.45,25247.3,25189.75,25232.6,0.0,GREEN,39.14999999999782
2025-06-24 04:45:00,25233.35,25257.94921875,25206.65,25233.5,0.0,GREEN,0.1500000000014552
2025-06-24 05:00:00,25234.8,25247.5,25191.25,25213.7,0.0,RED,21.099999999998545
2025-06-24 05:15:00,25214.0,25226.45,25167.1,25223.0,0.0,GREEN,9.0
2025-06-24 05:30:00,25221.85,25276.44921875,25218.55,25256.4,0.0,GREEN,34.55000000000291
2025-06-24 05:45:00,25256.4,25286.25,25247.9,25283.5,0.0,GREEN,27.099999999998545
2025-06-24 06:00:00,25283.4,25288.44921875,25266.65,25281.35,0.0,RED,2.0500000000029104
2025-06-24 06:15:00,25282.2,25293.30078125,25266.7,25291.45,0.0,GREEN,9.25
2025-06-24 06:30:00,25291.65,25317.69921875,25285.85,25308.75,0.0,GREEN,17.099999999998545
2025-06-24 06:45:00,25307.45,25311.1,25267.7,25286.35,0.0,RED,21.100000000002183
2025-06-24 07:00:00,25289.15,25291.25,25143.95,25181.15,0.0,RED,108.0
2025-06-24 07:15:00,25181.95,25278.65,25166.0,25245.15,0.0,GREEN,63.20000000000073
2025-06-24 07:30:00,25245.8,25248.0,25182.35,25182.35,0.0,RED,63.45000000000073
2025-06-24 07:45:00,25183.35,25202.1,25117.099609375,25134.75,0.0,RED,48.599999999998545
2025-06-24 08:00:00,25135.75,25158.05,25031.5,25043.5,0.0,RED,92.25
2025-06-24 08:15:00,25044.15,25085.55,25007.599609375,25083.75,0.0,GREEN,39.599999999998545
2025-06-24 08:30:00,25082.25,25092.75,24999.69921875,25040.15,0.0,RED,42.099999999998545
2025-06-24 08:45:00,25042.85,25055.35,25015.9,25038.65,0.0,RED,4.19999999999709
2025-06-24 09:00:00,25039.15,25077.05,25034.05,25054.7,0.0,GREEN,15.549999999999272
2025-06-24 09:15:00,25055.15,25057.0,25015.5,25032.2,0.0,RED,22.950000000000728
2025-06-24 09:30:00,25032.95,25048.5,25022.6,25041.5,0.0,GREEN,8.549999999999272
2025-06-24 09:45:00,25042.5,25078.35,25038.85,25071.55,0.0,GREEN,29.049999999999272
2025-06-25 03:45:00,25150.349609375,25184.94921875,25125.05078125,25159.9,0.0,GREEN,9.550390625001455
2025-06-25 04:00:00,25159.45,25192.650390625,25159.45,25188.25,0.0,GREEN,28.799999999999272
2025-06-25 04:15:00,25188.3,25204.7,25178.75,25203.75,0.0,GREEN,15.450000000000728
2025-06-25 04:30:00,25203.9,25208.6,25173.05,25173.9,0.0,RED,30.0
2025-06-25 04:45:00,25174.9,25209.44921875,25172.65,25207.7,0.0,GREEN,32.79999999999927
2025-06-25 05:00:00,25207.2,25217.400390625,25200.05,25201.4,0.0,RED,5.799999999999272
2025-06-25 05:15:00,25201.15,25218.05078125,25188.15,25205.25,0.0,GREEN,4.099999999998545
2025-06-25 05:30:00,25204.35,25212.4,25190.7,25195.35,0.0,RED,9.0
2025-06-25 05:45:00,25195.5,25215.3,25194.3,25212.2,0.0,GREEN,16.700000000000728
2025-06-25 06:00:00,25212.3,25220.5,25207.45,25210.0,0.0,RED,2.2999999999992724
2025-06-25 06:15:00,25209.6,25214.8,25204.85,25212.95,0.0,GREEN,3.350000000002183
2025-06-25 06:30:00,25212.9,25215.15,25189.95,25194.35,0.0,RED,18.55000000000291
2025-06-25 06:45:00,25194.1,25207.05,25180.3,25204.85,0.0,GREEN,10.75
2025-06-25 07:00:00,25205.0,25217.3,25200.45,25205.45,0.0,GREEN,0.4500000000007276
2025-06-25 07:15:00,25206.45,25210.95,25188.65,25208.2,0.0,GREEN,1.75
2025-06-25 07:30:00,25209.8,25245.349609375,25205.95,25240.4,0.0,GREEN,30.600000000002183
2025-06-25 07:45:00,25242.1,25259.849609375,25227.35,25258.7,0.0,GREEN,16.600000000002183
2025-06-25 08:00:00,25259.65,25266.80078125,25244.5,25257.85,0.0,RED,1.8000000000029104
2025-06-25 08:15:00,25259.15,25261.05,25234.75,25236.05,0.0,RED,23.100000000002183
2025-06-25 08:30:00,25236.1,25246.85,25224.3,25246.05,0.0,GREEN,9.950000000000728
2025-06-25 08:45:00,25247.05,25262.05,25244.8,25258.25,0.0,GREEN,11.200000000000728
2025-06-25 09:00:00,25257.45,25259.2,25215.75,25245.85,0.0,RED,11.600000000002183
2025-06-25 09:15:00,25246.1,25250.7,25222.65,25235.8,0.0,RED,10.299999999999272
2025-06-25 09:30:00,25236.35,25255.75,25236.35,25248.8,0.0,GREEN,12.450000000000728
2025-06-25 09:45:00,25248.6,25249.65,25234.65,25236.35,0.0,RED,12.25
2025-06-26 03:45:00,25268.94921875,25351.849609375,25259.900390625,25348.7,0.0,GREEN,79.75078125000073
2025-06-26 04:00:00,25350.45,25389.94921875,25336.7,25347.1,0.0,RED,3.350000000002183
2025-06-26 04:15:00,25346.75,25421.80078125,25346.75,25418.1,0.0,GREEN,71.34999999999854
2025-06-26 04:30:00,25419.45,25437.900390625,25384.55,25386.2,0.0,RED,33.25
2025-06-26 04:45:00,25385.9,25395.8,25361.05,25362.3,0.0,RED,23.600000000002183
2025-06-26 05:00:00,25362.5,25375.8,25304.05,25306.8,0.0,RED,55.70000000000073
2025-06-26 05:15:00,25306.9,25345.35,25292.5,25318.4,0.0,GREEN,11.5
2025-06-26 05:30:00,25319.05,25365.2,25318.1,25337.75,0.0,GREEN,18.700000000000728
2025-06-26 05:45:00,25337.85,25349.65,25313.9,25337.35,0.0,RED,0.5
2025-06-26 06:00:00,25338.0,25370.35,25306.35,25318.85,0.0,RED,19.150000000001455
2025-06-26 06:15:00,25318.6,25352.45,25318.35,25344.15,0.0,GREEN,25.55000000000291
2025-06-26 06:30:00,25344.75,25409.1,25342.45,25396.4,0.0,GREEN,51.650000000001455
2025-06-26 06:45:00,25399.35,25413.5,25391.55,25406.9,0.0,GREEN,7.55000000000291
2025-06-26 07:00:00,25407.9,25421.2,25389.95,25402.2,0.0,RED,5.700000000000728
2025-06-26 07:15:00,25403.2,25403.2,25351.3,25371.45,0.0,RED,31.75
2025-06-26 07:30:00,25373.0,25399.15,25370.2,25392.45,0.0,GREEN,19.450000000000728
2025-06-26 07:45:00,25393.5,25451.55078125,25389.3,25400.4,0.0,GREEN,6.900000000001455
2025-06-26 08:00:00,25402.2,25447.3,25395.6,25442.05,0.0,GREEN,39.849999999998545
2025-06-26 08:15:00,25442.85,25502.900390625,25442.6,25500.45,0.0,GREEN,57.60000000000218
2025-06-26 08:30:00,25500.7,25527.5,25475.3,25515.95,0.0,GREEN,15.25
2025-06-26 08:45:00,25517.6,25529.5,25496.5,25509.8,0.0,RED,7.799999999999272
2025-06-26 09:00:00,25512.2,25518.25,25492.6,25505.6,0.0,RED,6.600000000002183
2025-06-26 09:15:00,25509.0,25547.80078125,25480.35,25544.2,0.0,GREEN,35.20000000000073
2025-06-26 09:30:00,25543.85,25565.30078125,25534.95,25542.1,0.0,RED,1.75
2025-06-26 09:45:00,25541.05,25563.7,25528.6,25530.4,0.0,RED,10.649999999997817
2025-06-27 03:45:00,25576.650390625,25622.5,25537.349609375,25538.6,0.0,RED,38.050390625001455
2025-06-27 04:00:00,25537.3,25573.8,25523.55078125,25535.1,0.0,RED,2.2000000000007276
2025-06-27 04:15:00,25535.25,25569.8,25528.45,25545.35,0.0,GREEN,10.099999999998545
2025-06-27 04:30:00,25544.5,25568.8,25542.05,25567.65,0.0,GREEN,23.150000000001455
2025-06-27 04:45:00,25568.1,25578.3,25553.55,25556.7,0.0,RED,11.399999999997817
2025-06-27 05:00:00,25556.55,25572.65,25539.6,25570.55,0.0,GREEN,14.0
2025-06-27 05:15:00,25571.7,25610.25,25571.05,25604.75,0.0,GREEN,33.04999999999927
2025-06-27 05:30:00,25605.9,25608.6,25594.3,25606.15,0.0,GREEN,0.25
2025-06-27 05:45:00,25607.35,25608.85,25596.55,25601.15,0.0,RED,6.19999999999709
2025-06-27 06:00:00,25601.75,25610.9,25595.65,25608.6,0.0,GREEN,6.849999999998545
2025-06-27 06:15:00,25608.55,25617.0,25597.45,25610.05,0.0,GREEN,1.5
2025-06-27 06:30:00,25610.9,25617.8,25607.95,25612.25,0.0,GREEN,1.3499999999985448
2025-06-27 06:45:00,25612.45,25632.5,25612.1,25625.0,0.0,GREEN,12.549999999999272
2025-06-27 07:00:00,25624.75,25648.599609375,25622.7,25638.55,0.0,GREEN,13.799999999999272
2025-06-27 07:15:00,25638.95,25649.349609375,25634.55,25640.3,0.0,GREEN,1.3499999999985448
2025-06-27 07:30:00,25641.25,25644.5,25613.05,25616.65,0.0,RED,24.599999999998545
2025-06-27 07:45:00,25617.35,25638.4,25608.8,25634.65,0.0,GREEN,17.30000000000291
2025-06-27 08:00:00,25635.5,25637.05,25621.3,25625.55,0.0,RED,9.950000000000728
2025-06-27 08:15:00,25626.05,25634.4,25620.35,25632.7,0.0,GREEN,6.650000000001455
2025-06-27 08:30:00,25634.25,25639.35,25629.4,25634.25,0.0,DOJI,0.0
2025-06-27 08:45:00,25634.4,25637.45,25611.55,25615.4,0.0,RED,19.0
2025-06-27 09:00:00,25616.05,25634.15,25611.25,25633.5,0.0,GREEN,17.450000000000728
2025-06-27 09:15:00,25633.35,25637.5,25624.85,25629.5,0.0,RED,3.849999999998545
2025-06-27 09:30:00,25630.05,25654.19921875,25624.25,25633.0,0.0,GREEN,2.9500000000007276
2025-06-27 09:45:00,25632.6,25649.95,25629.6,25632.45,0.0,RED,0.1499999999978172
2025-06-30 03:45:00,25661.650390625,25669.349609375,25591.55078125,25632.6,0.0,RED,29.050390625001455
2025-06-30 04:00:00,25631.85,25631.95,25579.150390625,25590.4,0.0,RED,41.44999999999709
2025-06-30 04:15:00,25589.9,25590.8,25558.05078125,25558.45,0.0,RED,31.450000000000728
2025-06-30 04:30:00,25558.2,25596.0,25543.69921875,25586.4,0.0,GREEN,28.200000000000728
2025-06-30 04:45:00,25586.7,25600.0,25553.0,25555.0,0.0,RED,31.700000000000728
2025-06-30 05:00:00,25554.85,25569.9,25541.599609375,25544.4,0.0,RED,10.44999999999709
2025-06-30 05:15:00,25544.6,25562.95,25536.69921875,25559.15,0.0,GREEN,14.55000000000291
2025-06-30 05:30:00,25558.3,25565.95,25546.55,25547.85,0.0,RED,10.450000000000728
2025-06-30 05:45:00,25547.65,25560.65,25539.0,25555.4,0.0,GREEN,7.75
2025-06-30 06:00:00,25556.2,25567.55,25554.1,25561.7,0.0,GREEN,5.5
2025-06-30 06:15:00,25561.85,25578.3,25559.9,25568.2,0.0,GREEN,6.350000000002183
2025-06-30 06:30:00,25569.25,25589.8,25564.4,25585.95,0.0,GREEN,16.700000000000728
2025-06-30 06:45:00,25586.9,25599.3,25570.6,25571.5,0.0,RED,15.400000000001455
2025-06-30 07:00:00,25572.25,25575.5,25542.45,25542.5,0.0,RED,29.75
2025-06-30 07:15:00,25542.4,25555.35,25526.25,25526.35,0.0,RED,16.05000000000291
2025-06-30 07:30:00,25526.65,25527.15,25499.099609375,25505.7,0.0,RED,20.950000000000728
2025-06-30 07:45:00,25506.25,25518.8,25490.5,25510.6,0.0,GREEN,4.349999999998545
2025-06-30 08:00:00,25509.65,25514.35,25500.15,25503.5,0.0,RED,6.150000000001455
2025-06-30 08:15:00,25502.65,25504.45,25473.3,25499.75,0.0,RED,2.900000000001455
2025-06-30 08:30:00,25499.2,25502.2,25478.7,25489.65,0.0,RED,9.549999999999272
2025-06-30 08:45:00,25490.9,25499.3,25478.0,25491.25,0.0,GREEN,0.3499999999985448
2025-06-30 09:00:00,25491.35,25495.45,25477.6,25495.45,0.0,GREEN,4.100000000002183
2025-06-30 09:15:00,25495.1,25519.8,25492.25,25505.9,0.0,GREEN,10.80000000000291
2025-06-30 09:30:00,25504.9,25526.65,25503.55,25525.15,0.0,GREEN,20.25
2025-06-30 09:45:00,25524.8,25526.1,25505.35,25507.45,0.0,RED,17.349999999998545
2025-07-01 03:45:00,25551.349609375,25579.69921875,25513.8,25573.55,0.0,GREEN,22.200390624999272
2025-07-01 04:00:00,25574.2,25589.80078125,25570.1,25580.1,0.0,GREEN,5.899999999997817
2025-07-01 04:15:00,25580.25,25593.400390625,25551.3,25569.6,0.0,RED,10.650000000001455
2025-07-01 04:30:00,25569.75,25572.3,25530.5,25531.3,0.0,RED,38.45000000000073
2025-07-01 04:45:00,25530.65,25546.0,25522.85,25545.8,0.0,GREEN,15.149999999997817
2025-07-01 05:00:00,25546.25,25554.25,25535.75,25542.9,0.0,RED,3.349999999998545
2025-07-01 05:15:00,25542.75,25546.7,25519.65,25520.95,0.0,RED,21.799999999999272
2025-07-01 05:30:00,25521.0,25526.65,25513.30078125,25524.1,0.0,GREEN,3.099999999998545
2025-07-01 05:45:00,25524.4,25535.6,25517.2,25526.3,0.0,GREEN,1.8999999999978172
2025-07-01 06:00:00,25527.15,25532.35,25518.0,25521.85,0.0,RED,5.30000000000291
2025-07-01 06:15:00,25523.25,25531.0,25501.80078125,25515.4,0.0,RED,7.849999999998545
2025-07-01 06:30:00,25515.3,25526.8,25511.1,25524.4,0.0,GREEN,9.100000000002183
2025-07-01 06:45:00,25524.65,25551.3,25522.45,25541.75,0.0,GREEN,17.099999999998545
2025-07-01 07:00:00,25541.1,25547.2,25525.05,25538.05,0.0,RED,3.0499999999992724
2025-07-01 07:15:00,25538.25,25546.45,25531.7,25534.25,0.0,RED,4.0
2025-07-01 07:30:00,25534.1,25541.25,25525.95,25531.2,0.0,RED,2.899999999997817
2025-07-01 07:45:00,25531.2,25535.1,25523.2,25527.9,0.0,RED,3.2999999999992724
2025-07-01 08:00:00,25528.1,25536.9,25525.8,25528.85,0.0,GREEN,0.75
2025-07-01 08:15:00,25528.4,25531.8,25509.2,25530.5,0.0,GREEN,2.099999999998545
2025-07-01 08:30:00,25530.6,25551.85,25526.25,25551.85,0.0,GREEN,21.25
2025-07-01 08:45:00,25552.1,25552.2,25533.5,25534.7,0.0,RED,17.399999999997817
2025-07-01 09:00:00,25534.45,25537.05,25515.05,25526.0,0.0,RED,8.450000000000728
2025-07-01 09:15:00,25527.15,25543.0,25523.95,25535.15,0.0,GREEN,8.0
2025-07-01 09:30:00,25536.0,25548.5,25530.5,25537.25,0.0,GREEN,1.25
2025-07-01 09:45:00,25537.0,25556.95,25527.0,25533.0,0.0,RED,4.0
2025-07-02 03:45:00,25588.30078125,25608.099609375,25559.05078125,25568.9,0.0,RED,19.400781249998545
2025-07-02 04:00:00,25567.85,25576.45,25533.349609375,25535.9,0.0,RED,31.94999999999709
2025-07-02 04:15:00,25535.35,25559.15,25531.30078125,25534.1,0.0,RED,1.25
2025-07-02 04:30:00,25534.15,25535.55,25513.05078125,25526.1,0.0,RED,8.05000000000291
2025-07-02 04:45:00,25525.05,25528.15,25496.849609375,25523.55,0.0,RED,1.5
2025-07-02 05:00:00,25523.55,25523.55,25482.5,25491.75,0.0,RED,31.799999999999272
2025-07-02 05:15:00,25491.45,25498.75,25485.6,25491.85,0.0,GREEN,0.3999999999978172
2025-07-02 05:30:00,25492.0,25494.45,25466.69921875,25477.2,0.0,RED,14.799999999999272
2025-07-02 05:45:00,25477.3,25501.5,25463.400390625,25493.9,0.0,GREEN,16.600000000002183
2025-07-02 06:00:00,25493.2,25494.3,25472.95,25485.3,0.0,RED,7.900000000001455
2025-07-02 06:15:00,25485.5,25500.15,25480.45,25490.0,0.0,GREEN,4.5
2025-07-02 06:30:00,25490.75,25503.95,25480.1,25499.5,0.0,GREEN,8.75
2025-07-02 06:45:00,25499.15,25501.35,25488.8,25491.6,0.0,RED,7.55000000000291
2025-07-02 07:00:00,25491.25,25495.65,25484.65,25493.75,0.0,GREEN,2.5
2025-07-02 07:15:00,25494.0,25495.65,25460.349609375,25474.7,0.0,RED,19.299999999999272
2025-07-02 07:30:00,25474.45,25489.95,25463.05,25463.1,0.0,RED,11.350000000002183
2025-07-02 07:45:00,25463.45,25463.65,25404.19921875,25405.35,0.0,RED,58.10000000000218
2025-07-02 08:00:00,25405.15,25417.65,25384.599609375,25396.8,0.0,RED,8.350000000002183
2025-07-02 08:15:00,25397.35,25408.4,25383.94921875,25408.05,0.0,GREEN,10.700000000000728
2025-07-02 08:30:00,25407.7,25425.1,25397.25,25415.3,0.0,GREEN,7.599999999998545
2025-07-02 08:45:00,25417.15,25423.85,25398.65,25404.75,0.0,RED,12.400000000001455
2025-07-02 09:00:00,25404.95,25411.8,25378.75,25398.3,0.0,RED,6.650000000001455
2025-07-02 09:15:00,25399.1,25431.0,25397.05,25430.2,0.0,GREEN,31.100000000002183
2025-07-02 09:30:00,25432.2,25472.8,25431.1,25459.55,0.0,GREEN,27.349999999998545
2025-07-02 09:45:00,25459.35,25459.9,25440.05,25442.85,0.0,RED,16.5
2025-07-03 03:45:00,25505.099609375,25537.05078125,25429.75,25435.45,0.0,RED,69.64960937499927
2025-07-03 04:00:00,25434.85,25497.2,25434.85,25497.2,0.0,GREEN,62.35000000000218
2025-07-03 04:15:00,25497.1,25547.25,25495.2,25545.35,0.0,GREEN,48.25
2025-07-03 04:30:00,25545.95,25559.80078125,25529.6,25543.05,0.0,RED,2.900000000001455
2025-07-03 04:45:00,25542.5,25567.5,25532.15,25553.05,0.0,GREEN,10.549999999999272
2025-07-03 05:00:00,25551.95,25564.5,25544.7,25547.85,0.0,RED,4.100000000002183
2025-07-03 05:15:00,25548.0,25552.6,25526.45,25531.15,0.0,RED,16.849999999998545
2025-07-03 05:30:00,25531.15,25567.1,25531.15,25554.2,0.0,GREEN,23.049999999999272
2025-07-03 05:45:00,25554.85,25576.69921875,25539.65,25539.65,0.0,RED,15.19999999999709
2025-07-03 06:00:00,25542.3,25552.45,25504.1,25512.9,0.0,RED,29.399999999997817
2025-07-03 06:15:00,25512.6,25521.4,25484.85,25514.4,0.0,GREEN,1.8000000000029104
2025-07-03 06:30:00,25513.6,25517.8,25500.9,25503.95,0.0,RED,9.649999999997817
2025-07-03 06:45:00,25503.8,25515.45,25486.45,25511.65,0.0,GREEN,7.850000000002183
2025-07-03 07:00:00,25511.15,25538.55,25505.05,25518.4,0.0,GREEN,7.25
2025-07-03 07:15:00,25518.55,25526.9,25510.05,25512.2,0.0,RED,6.349999999998545
2025-07-03 07:30:00,25512.0,25512.95,25496.6,25507.55,0.0,RED,4.450000000000728
2025-07-03 07:45:00,25506.9,25509.95,25479.75,25503.85,0.0,RED,3.0500000000029104
2025-07-03 08:00:00,25503.35,25587.5,25495.6,25570.5,0.0,GREEN,67.15000000000146
2025-07-03 08:15:00,25570.45,25574.85,25480.0,25499.45,0.0,RED,71.0
2025-07-03 08:30:00,25499.05,25509.15,25490.15,25492.1,0.0,RED,6.950000000000728
2025-07-03 08:45:00,25491.75,25495.15,25453.55,25453.6,0.0,RED,38.150000000001455
2025-07-03 09:00:00,25453.55,25453.55,25384.349609375,25405.6,0.0,RED,47.95000000000073
2025-07-03 09:15:00,25408.7,25448.6,25393.3,25408.85,0.0,GREEN,0.1499999999978172
2025-07-03 09:30:00,25410.6,25424.35,25396.05,25397.95,0.0,RED,12.649999999997817
2025-07-03 09:45:00,25399.5,25418.45,25388.65,25397.4,0.0,RED,2.099999999998545
